id,unknownEntities
83dcefb7,时空周转
1ad5be0d,
6dd28e9b,
f3b61b38,ccm区块
84b12bae,艾尔链
1db87a14,富民宝
6abf4a82,瑞景之家
fa005713,微小宠
8d076785,鼎诚创投
a15d25e1,地平线
d65a1577,fct领先外汇
4f5344cd,妙月百度
3854745b,小桃微集
a630e1f8,奇牛国际
d137d16e,乾;易趣商城;乾通国际
483e80d4,
3f39b042,融创
af86add3,太安债
d8819d45,俊掌柜
8a707622,
fd7746b4,好玩;好玩吧
647e170e,鼎诚创投
13792798,
8d1db23b,
fa1a82ad,airbitclub
6313d317,
1414e381,智慧地球
84abfe10,金蛋理财;金蛋
f3acce86,汇管家
936b4763,gt理财;bitget
e46c77f5,榴莲微视
7d65264f,闻喜配资
0a6216d9,a派
9406837a,金源财富;财富牛
e301b3ec,黔中生态茶交易中心有限公司
7a08e256,北;盈合凯祥钻石画
0d0fd2c0,
9db0cf51,全球看点;趣步
eab7ffc7,光大云富
dc2ad1a4,vkmall
ab2de132,ubank;ubank钱包
3224b088,逸富国际期货
4523801e,百炼金股;oranflag
db4715bd,玛伊微享淘
ac40252b,fu
35497491,
424e4407,子;u;子龙币;子龙优选商城
d2f15996,极客修
a5f66900,tigerwit
c531e0e5,
b236d073,
2b3f81c9,hotforex热汇
5c38b15f,
c25c24fc,瑞景之家
b55b146a,ico众筹
2c5245d0,忠汇国际
5b557546,美团
cbea68d7,svsfx投资
bced5841,深圳优视电子显示科技有限公司
ee1cb326,tmtforex外汇
991b83b0,富通保险;香
0012d20a,
7715e29c,
e971773f,
9e7647a9,中汇国际;先汇国际
077f1613,百利汇;英诺外汇
70782685,igofx
e0c73b14,梵大
97c00b82,富途;富途牛牛
f7078267,
8000b2f1,比特狗btgs;比特狗
1909e34b,
6e0ed3dd,汇新智
f06a467e,easy;easy-forex易信
876d76e8,嘉联支付;立刷
1e642752,乾联国际
696317c4,以太森林
f9dc0a55,
8edb3ac3,享骑电单车
709f9ea8,agk理财;agk拆分
0798ae3e,依易云合
9e91ff84,卡盟
e996cf12,首投理财
77f25ab1,银亚国际
00f56a27,天鑫金融
99fc3b9d,上帮贸易
eefb0b0b,fxtm富拓平台;fxtm富拓;fxtm富拓外汇平台
7e44169a,全球看点
0943260c,微多猫
6984afe9,浙江赶街;赶街
1e839f7f,万世吉短线外汇平台
878acec5,digifinex
f08dfe53,飞库投资;兔子金融
6ee96bf0,
19ee5b66,
80e70adc,远大控股
f7e03a4a,
675f27db,
1058174d,
237750ea,牧宝;牧宝理财
5470607c,
cd7931c6,华景无限;华景无限逍遥卡
ba7e0150,hytfx
241a94f3,matrixport;比特大
531da465,
ca14f5df,弘高融资租赁有限公司
bd13c549,领投鸟
2dacd8d8,乾安投资
5aabe84e,
3a6c61ab,
4d6b513d,万通融资
d4620087,华泰逸富国际期货
a3653011,顺支富
3d01a5b2,汇盈通期权
4a069524,
d30fc49e,牛牛通宝
a408f408,coinbkb;coinbkb交易所
34b7e999,德邦股份
43b0d90f,诚汇通
11413268,
664602fe,畅由
ff4f5344,两橙科技;造艺网络科技;跃吉网络;跃吉科技;造艺科技
884863d2,
162cf671,天汇金融
612bc6e7,新加坡鼎汇外汇
f822975d,iotoken
8f25a7cb,英皇金融国际
1f9aba5a,
689d8acc,速汇金;money;moneygram
085a0329,风雨无忧
7f5d33bf,宿爱智;宿爱
e6546205,tickmill
91535293,薪付宝
0f37c730,中网载线
7830f7a6,试客小兵
e139a61c,章鱼哥
963e968a,清果金融;清果普惠
06818b1b,li
7186bb8d,中金摩根
471b95ee,汇盈通
301ca578,麻袋财富;中信产业基金
a915f4c2,镁
de12c454,玩客云;玩客币
407651f7,easy-forex易信
37716161,钱嗨娱乐
ae7830db,比特币;plustoken
d97f004d,youbank
49c01ddc,
3ec72d4a,雀尚枝头
5e00a4af,全民养鱼
29079439,慧盈理财
b00ec583,小工匠
c709f515,客天下;客福天下
596d60b6,
2e6a5020,恩圣威
b763019a,抹茶mxc交易所;bit
c064310c,诺德基金
50db2c9d,宠物狗;bitdog比特狗;比特狗;bit
27dc1c0b,狸狸商城;狸狸
752df76c,老虎外汇
022ac7fa,btgs;比特;比特狗
9b239640,巨丰投顾
72403375,美罗国际
054703e3,江苏百瑞赢公司
9c4e5259,
eb4962cf,hicoin;hi
7bf67f5e,黑牡丹
0cf14fc8,金中宝;金大宝
6c36c62d,闪定生活
1b31f6bb,亿久商城
8238a701,元宝月月盈
f53f9797,宝星环球投资
6b5b0234,coinpiex
1c5c32a2,比特币;柚子生态;以
85556318,
f252538e,火影帮
62ed4e1f,丝路金交所
15ea7e89,fxglk外汇;ofxglk
ebaedae2,尧锦智富
9ca9ea74,钱宝网;蛙宝网
05a0bbce,天安金交中心
72a78b58,
ecc31efb,小豹科技
9bc42e6d,afmfx;阿卡迪亚基金管理有限公司
02cd7fd7,魔方mp70
75ca4f41,百融云创
e57552d0,afmfx
92726246,小樱桃商城
f2b5eba3,
85b2db35,
1cbb8a8f,凤推传媒
6bbcba19,ms;福袋汇业
f5d82fba,泰牛链
82df1f2c,瑞骏策略
1bd64e96,尧锦智富;广西尧锦网络科技有限公司
6cd17e00,挂挂赚
fc6e6391,lisinex
8b695307,鼎诚创投
2131eeb3,盐津铺子
5636de25,福莱币fdc;福莱币
cf3f8f9f,胜威公;sblock钱包
b838bf09,乐先花
265c2aaa,西部助贷网;西部助贷
515b1a3c,盛邦
c8524b86,玩客币;链克
bf557b10,大通全球
2fea6681,金羊金服;汇投网;金大圣;盎盎理财
58ed5617,创世银库
382adff2,杨方股票配资公司
4f2def64,武汉第二世科技有限公司
d624bede,慧盈理财
a1238e48,趣渔乐;闪步
3f471beb,逗趣微视;榴;逗趣
48402b7d,比特币
d1497ac7,
a64e4a51,每;每日一淘
36f157c0,
41f66756,妮素国际
13078c31,文语影投;金谷影视
6400bca7,轩鸿集团;轩鸿金融控股集团
fd09ed1d,
8a0edd8b,波场币
146a4828,小蜜淘;小蜜淘商城
636d78be,恩圣威
fa642904,
8d631992,
1ddc0403,
6adb3495,简七理财
0a1cbd70,普信金服
7d1b8de6,瑞景之家
e412dc5c,小米有品;小米有品有鱼
9315ecca,gpkclub;gpk俱乐部
0d717969,度王金服
7a7649ff,雨果网
e37f1845,
947828d3,
04c73542,
73c005d4,中佳易购;六
455d2bb7,广玉易购
325a1b21,诺德基金;宜信财富
ab534a9b,飞贷
dc547a0d,
4230efae,
3537df38,中国外汇交易中心;idealfx;中国外汇交易
ac3e8e82,利辉乾财富
db39be14,智慧晶
4b86a385,巨人理财;财生金服
3c819313,比特币
5c461af6,腾邦现货
2b412a60,瑞郎币frc
b2487bda,phibro
c54f4b4c,火趣小视频
2c2cee79,mcc社区
b525bfc3,友信一生
c2228f55,
529d92c4,1688
259aa252,惠己达人
776b4935,易到用车;易到
006c79a3,
99652819,博林环球
ee62188f,票改数字商城
70068d2c,火币钱包;火币
0701bdba,币盈联盟
9e08ec00,文语影投
e90fdc96,金豆包
79b0c107,bosstoken
0eb7f191,
6e707874,otm奥美外汇
197748e2,环球好货自买省钱商城
807e1958,
f77929ce,mxc交易所
691dbc6d,
1e1a8cfb,比特币
8713dd41,比特币;莱特币;exp亚斯特
f014edd7,cmb
60abf046,
17acc0d0,du
e9e864bb,稀世宝石矿资产;以太
9eef542d,winbitex
07e60597,youbank价值投资;youbank
70e13501,
ee85a0a2,大众分期;来分期
99829034,安盈贷;趣投资;智融财富
008bc18e,辰颐物语
778cf118,米咖理财;中金贷
e733ec89,terafx
9034dc1f,
f0f355fa,玖富钱包
87f4656c,聚赢宝
1efd34d6,
69fa0440,领航国际资本
f79e91e3,比特币;跑
8099a175,币虎
1990f0cf,鼎汇;鉅富金融
6e97c059,
fe28ddc8,
892fed5e,融;融贝网
20f38484,润通现货
57f4b412,乾易通
cefde5a8,
b9fad53e,天泽环球
279e409d,麦尔国际
5099700b,
c99021b1,雷达币
be971127,民信幸福投资基金管理（
2e280cb6,timesglobalcapitalgroup;t;时汇创富集团有限公司
592f3c20,恒丰;恒丰配资
39e8b5c5,人人优选
4eef8553,先汇国际
d7e6d4e9,中联亿配
a0e1e47f,小牛在线;小赢科技;车邦贷
3e8571dc,蚁群传播
4982414a,富通保险
d08b10f0,积木拼图;积木盒子
a78c2066,山东满元聚;皇尊网
37333df7,易生金服
40340d61,pinetwork
12c5e606,
65c2d690,未来集市
fccb872a,
8bccb7bc,币虎全球
15a8221f,
62af1289,中盈晟投资
fba64333,宣亚国际
8ca173a5,河南南阳大宗;河南南阳大宗商
1c1e6e34,vci国际;vci豹驰国际
6b195ea2,币瑞波币;英雄链
0bded747,广州大象健康科技有限公司;健康猫
7cd9e7d1,比特币;mchain币
e5d0b66b,维客特6维;维客特6
92d786fd,block.one;block;galaxydigital
0cb3135e,
7bb423c8,春鸿果业
e2bd7272,英国zfx山海证券
95ba42e4,薪易通;金领通
05055f75,youbank
72026fe3,聚汇天下
449f4180,
33987116,葡萄助手
aa9120ac,诺德基金
dd96103a,素店
43f28599,大姐花app
34f5b50f,中网载线
adfce4b5,斐讯;斐讯商城
dafbd423,
4a44c9b2,帮芒拼
3d43f924,水象分期
5d8470c1,
2a834057,享骑单车;享骑电单车
b38a11ed,全民推
c48d217b,世纪金业
5ae9b4d8,咸鱼妹
2dee844e,悟空钱包
b4e7d5f4,城市猎人
c3e0e562,珍宝币;吉祥币
535ff8f3,
2458c865,mfc游戏理财平台
76a92302,有信钱包
01ae1394,呦蓝
98a7422e,
efa072b8,bet365体育在线
71c4e71b,海贝国际
06c3d78d,智慧晶
9fca8637,海岛矿工
e8cdb6a1,互助平台;互助
7872ab30,
0f759ba6,维信金科控股;维仕担保有限公司
6fb21243,快鸟;快鸟贷款
18b522d5,随时约
81bc736f,奇牛国际
f6bb43f9,
68dfd65a,慧盈理财
1fd8e6cc,爱建证券
86d1b776,wpay钱包
f1d687e0,
61699a71,gec币;gec环保币
166eaae7,和基外汇
e82a0e8c,
9f2d3e1a,
06246fa0,
71235f36,领投鸟
ef47ca95,同创期权
9840fa03,中通巨龙
0149abb9,悟空理财;玖富数科集团;瀚德金融
764e9b2f,华华惠满家
e6f186be,购物全返
91f6b628,快鹿投资;快鹿
f1313fcd,汇兴智业
86360f5b,世舟之家;世舟
1f3f5ee1,天天利财;多;多米金融
68386e77,
f65cfbd4,
815bcb42,酷盈网
18529af8,
6f55aa6e,销巴生活全返;销巴生活;销巴世生活全返
ffeab7ff,大象国际
88ed8769,商鼎联创财富管理;商鼎联创
25bc9201,小花年代
52bba297,河南南阳大宗商品
cbb2f32d,昆山摩尔投资管理有限公司
bcb5c3bb,网金
22d15618,
55d6668e,dem德曼资本
ccdf3734,sfa超级理
bbd807a2,全球对
2b671a33,
5c602aa5,
3ca7a340,玖富集团
4ba093d6,享骑电单车
d2a9c26c,比特币;比特易;软银中国
a5aef2fa,未来集市
3bca6759,顺心花花
4ccd57cf,爱打卡
d5c40675,
a2c336e3,
327c2b72,
457b1be4,卡卡都工贸有限公司
178af083,
608dc015,
f98491af,
8e83a139,
10e7349a,
67e0040c,
fee955b6,小米有品有鱼;有品有鱼;小
89ee6520,盈宝通
195178b1,
6e564827,点点啦全返
0e91c1c2,中粮糖;科伦药业
7996f154,环球捕手
e09fa0ee,
97989078,山东省农业发展信贷担保有限公司;普惠农牧融
09fc05db,付融宝
7efb354d,比特币;比
e7f264f7,今日币;币世界
90f55461,链家理财;链链金融
004a49f0,
774d7966,
41d05705,创期国投
36d76793,
afde3629,北京多点科技股份有限公司
d8d906bf,广州开发区金融控股集团有限公司
46bd931c,光大云富
31baa38a,
a8b3f230,gojoy
dfb4c2a6,赚赚熊
4f0bdf37,d-cal®迪巧;d
380cefa1,
58cb6644,vpay支付;vpay
2fcc56d2,雍铄金融
b6c50768,coinbkb;coinbkb交易所
c1c237fe,
5fa6a25d,华登区块狗;莱特猫
28a192cb,赏多宝
b1a8c371,钻石分期
c6aff3e7,火萤棋牌
5610ee76,bitrading888
2117dee0,卡盟金服;卡盟
73e63587,
04e10511,青[UNK]在线
9de854ab,手机宝
eaef643d,联合币
748bf19e,平安普惠
038cc108,喜牛
9a8590b2,滴滴;滴滴出行
ed82a024,第一网贷
7d3dbdb5,维信金科
0a3a8d23,云尊币
6afd04c6,区块猫
1dfa3450,微多猫
84f365ea,中科星际;ipfs
f3f4557c,云集
6d90c0df,长亚集团
1a97f049,试客小兵
839ea1f3,中信华睿
f4999165,英皇宝
64268cf4,惠己达人
1321bc62,
ed651809,vv农场
9a62289f,ts;庭生活馆
036b7925,
746c49b3,
ea08dc10,
9d0fec86,
0406bd3c,digifinex;币dft
73018daa,omega欧美加欧密加;欧美加
e3be903b,小豹科技
94b9a0ad,兴亚币网
f47e2948,富鑫策略
837919de,未来集市
1a704864,福袋汇业
6d7778f2,萨摩耶金服
f313ed51,举;恩圣威
8414ddc7,东方银谷
1d1d8c7d,tbc天宝币
6a1abceb,榴莲微视
faa5a17a,ge-group聚亦平;聚亦;ge-group
8da291ec,ppmoney网贷
247ef836,员工宝;聚宝汇;聚宝匯
5379c8a0,
ca70991a,
bd77a98c,
23133c2f,
54140cb9,鸿运信投
cd1d5d03,邦君悠购
ba1a6d95,素店;妮素国际
2aa57004,youbank
5da24092,
3d65c977,和基外汇
4a62f9e1,微小
d36ba85b,
a46c98cd,聚划算团购
3a080d6e,友信一生
4d0f3df8,w
d4066c42,得来惠
a3015cd4,比特币
33be4145,全球卫星;联合币
44b971d3,铂诺财富
16489ab4,杨梅白卡
614faa22,lc鑫汇
f846fb98,比特狗
8f41cb0e,youbank
11255ead,先汇国际
66226e3b,恒富;hfnex
ff2b3f81,佰益汇
882c0f17,
18931286,
6f942210,艾比特;iiibt
0f53abf5,
78549b63,美物说
e15dcad9,中融民信
965afa4f,乐呗;乐酿宝
083e6fec,
7f395f7a,金猪管家
e6300ec0,美易理财;国美金融;金美信
91373e56,收获宝
018823c7,ogh
768f1351,
40123d32,掌众金服
37150da4,同花顺
ae1c5c1e,瑞波币;瑞波plus交易所;瑞波plus
d91b6c88,富利环球
477ff92b,高朋金融
3078c9bd,abcc交易所
a9719807,以太坊
de76a891,
4ec9b500,hadax
39ce8596,易麦理财;百善;红金所
59090c73,spotoption和panda
2e0e3ce5,拍拍乐
b7076d5f,火星钱包
c0005dc9,京贷金服
5e64c86a,cmb创富国际;cmb感恩互助社区
2963f8fc,鼎;吉林鼎邦;吉林鼎邦集团
b06aa946,小豹科技
c76d99d0,
57d28441,华安策略
20d5b4d7,tigerwit;clearbank
72245fb0,英皇集;英皇金融集团
05236f26,波场超级社区;plustoken
9c2a3e9c,比特币;minitoken
eb2d0e0a,爱善贷;善商贷
75499ba9,荣耀配资
024eab3f,比汇
9b47fa85,aaafx
ec40ca13,恋指团
7cffd782,平安普惠
0bf8e714,
6b3f6ef1,恩圣威
1c385e67,钱牛牛
85310fdd,云达互助
f2363f4b,大通全球
6c52aae8,fto币;f1国际
1b559a7e,li
825ccbc4,
f55bfb52,
65e4e6c3,尧锦智富;广西尧锦网络科技有限公司
12e3d655,
eca7723e,
9ba042a8,
02a91312,币贝exshell;币贝交易所
75ae2384,中民集团;中民贸易公司
ebcab627,
9ccd86b1,
05c4d70b,万权创服
72c3e79d,
e27cfa0c,每日拼拼;每日优鲜
957bca9a,金易融;e租宝
f5bc437f,
82bb73e9,
1bb22253,招银汇金
6cb512c5,嘉盛集团
f2d18766,清宴宝
85d6b7f0,香港谷点国际期货
1cdfe64a,反波胆
6bd8d6dc,乾联国际交易平
fb67cb4d,好友宝
8c60fbdb,先汇国际
2638466f,杨方股票;杨方股票配资公司
513f76f9,钱包侠
c8362743,gec环保币;gec环
bf3117d5,乾润华创电子
21558276,鸿昇国际
5652b2e0,盛赢期服
cf5be35a,畅由联盟;畅由
b85cd3cc,万豪金业
28e3ce5d,淘领地
5fe4fecb,町町单车;南京铁拜网络科技有限公司
3f23772e,
482447b8,
d12d1602,优品潮
a62a2694,送贝商城;悦天使
384eb337,惠己达人;惠己
4f4983a1,币果理财
d640d21b,cptmarkets
a147e28d,algorand
31f8ff1c,创盈智投
46ffcf8a,
140e24ed,金源财富
6309147b,卡盟金服;卡盟u金服
fa0045c1,
8d077557,添益宝
1363e0f4,多啦理财;多啦聚财;嘉银普惠
6464d062,恒信环球投资
fd6d81d8,雨果网
8a6ab14e,金融互助
1ad5acdf,
6dd29c49,长亚集团
0d1515ac,北海小贷
7a12253a,聚合支付
e31b7480,
941c4416,博创兴业
0a78d1b5,恒丰配资
7d7fe123,软
e476b099,亿久商城
9371800f,友金所
03ce9d9e,趣渔乐
74c9ad08,snrcfx鼎汇
4254836b,ppmoney网贷
3553b3fd,trademax
ac5ae247,靖江联宝
db5dd2d1,礼品策
45394772,易宝支付
323e77e4,希卡贝尔
ab37265e,有脉金控
dc3016c8,澳洲百汇
4c8f0b59,小豹科技有限公司
3b883bcf,
5b4fb22a,7-eleven
2c4882bc,比特币
b541d306,漂亮50
c246e390,agk理财;agk
5c227633,大圆银泰
2b2546a5,ybi国际
b22c171f,钱嗨娱乐;流浪地球
c52b2789,
55943a18,宜信财富
22930a8e,易麦理财
7062e1e9,
0765d17f,
9e6c80c5,citex交易所
e96bb053,世纪金业
770f25f0,
00081566,熊猫
990144dc,
ee06744a,
7eb969db,莱特国际
09be594d,币
6979d0a8,婴芭莎
1e7ee03e,
8777b184,天拓国际
f0708112,度王金服
6e1414b1,超级玛丽;k币
19132427,简啦啦;简啦啦生物科技
801a759d,宗客网
f71d450b,dme鸿汇国际
67a2589a,东方资本;老虎汇
10a5680c,
eee1cc67,比特未来
99e6fcf1,广州煤登贸易有限公司;中北选买
00efad4b,麦点商城
77e89ddd,乐发传媒;霸屏天下
e98c087e,siexchange
9e8b38e8,伊思多尔
07826952,奇牛国际
708559c4,谋成创汇
e03a4455,蓝莓花花
973d74c3,matrixport
f7fafd26,杭州魅凰信息科技有限公司;存钱家网络科技有限公司;米袋子
80fdcdb0,佳莱科技;佳莱
19f49c0a,衫客
6ef3ac9c,mgk平台
f097393f,荔枝山庄
879009a9,喜牛;远特喜牛
1e995813,sblock;sblock星际钱包
699e6885,享骑电单车
f9217514,
8e264582,富喜智服投资
27fa2c58,
50fd1cce,鼎汇金融公司
c9f44d74,文汇阁
bef37de2,
2097e841,牧宝理财
5790d8d7,聚宝汇
ce99896d,全民推
b99eb9fb,呼呼出行
2921a46a,华泰逸富国际期货
5e2694fc,途;途家自营
3ee11d19,小赢理财
49e62d8f,手机宝
d0ef7c35,比特币;filecoin
a7e84ca3,全球看点
398cd900,mcc外汇
4e8be996,bkexglobal;algo活期宝;活期宝
d782b82c,海星mt4;吉;隆源经贸有限责任公司
a08588ba,周转信箱
303a952b,vkmall
473da5bd,北方信托
15cc4eda,比特币
62cb7e4c,比特币
fbc22ff6,慧盈理财
8cc51f60,润通商城;润通现货
12a18ac3,恩圣威微交易
65a6ba55,团贷网
fcafebef,vp财富;vpay
8ba8db79,福建凯裕建设有限公司
1b17c6e8,agk理财拆分盘
6c10f67e,亿品赞
0cd77f9b,小诸葛金服
7bd04f0d,盐津铺子
e2d91eb7,
95de2e21,玖富集团;玖富;玖富钱包
0bbabb82,必赢集团
7cbd8b14,中能国际
e5b4daae,车享链
92b3ea38,惠富天下
020cf7a9,布尔金融
750bc73f,gmg外汇
4396e95c,春鸿果业
3491d9ca,华宸未来
ad988870,迈阿币mmcoin
da9fb8e6,美国艾诺外汇
44fb2d45,瑞景之家
33fc1dd3,新橙优品
aaf54c69,金鼎信
ddf27cff,ac正亚集团
4d4d616e,
3a4a51f8,
5a8dd81d,
2d8ae88b,章鱼哥;章
b483b931,
c38489a7,有品有鱼;小米有品有鱼
5de01c04,玩客云;玩客币
2ae72c92,盈联影视
b3ee7d28,vkmall
c4e94dbe,
5456502f,资邦金服;唐小僧
235160b9,车融宝
71a08bde,芝麻分;小鲨易贷
06a7bb48,比特币
9faeeaf2,奉恩之家
e8a9da64,秒钱;秒钱理财
76cd4fc7,
01ca7f51,维堡天善
98c32eeb,盖娅链
efc41e7d,融金壹号;融创
7f7b03ec,比特币
087c337a,我要战大圣
68bbba9f,小赢科技;车邦贷
1fbc8a09,丰正
86b5dbb3,
f1b2eb25,布尔金融
6fd67e86,cptmarkets
18d14e10,福泽天下
81d81faa,
f6df2f3c,北京通金所资产管理有限公司
666032ad,金源国际;百益策略;众昇策略
1167023b,盐津铺子
ef23a650,喜团
982496c6,chainbook
012dc77c,创客亿家
762af7ea,诺德基金
e84e6249,手机宝
9f4952df,
06400365,比特币;比;火币网
714733f3,金吉利宝
e1f82e62,雀尚枝头
96ff1ef4,比特币
f6389711,恒源国际;趣游链;信达国际
813fa787,夸客金融;上海广旭创业投资管理有限公司;上海聚睿创业投资管理有限公司;夸客
1836f63d,陕
6f31c6ab,agk金钥匙游戏;agk
f1555308,领航金融)外汇交易平
8652639e,
1f5b3224,龙虾发财
685c02b2,
f8e31f23,汇泰在线
8fe42fb5,
2ca66b65,
5ba15bf3,fusion;ci
c2a80a49,期金管家
b5af3adf,聚小溪;聚小店;小溪
2bcbaf7c,新浪有借
5ccc9fea,我理财
c5c5ce50,全民养牛
b2c2fec6,数权新经济企业之家
227de357,鲜生友请
557ad3c1,全球;全球购
35bd5a24,
42ba6ab2,nmwm
dbb33b08,富格林
acb40b9e,金宝通投资发展公司;广;广西凯降安宇矿业投资有限公司
32d09e3d,
45d7aeab,
dcdeff11,甩手赚;挂挂赚
abd9cf87,华登区块狗;神
3b66d216,如意鸡330农场
4c61e280,维客特
1e9009e7,
69973971,蒂亚方舟
f09e68cb,先汇国际外汇平台
8799585d,凡通影业;蜗牛动力影视公司;禾优影业;北京璟睿影视文化传媒有限公司
19fdcdfe,瑞志企业管理有限公司
6efafd68,oan安达;oanda·安达
f7f3acd2,吉悠
80f49c44,
104b81d5,火牛视频;小趣宝藏
674cb143,中融国际;速;etomarkets;震泰国际;盈
078b38a6,vkmall
708c0830,bet365博彩平台
e985598a,
9e82691c,创世金库
00e6fcbf,金帛投资
77e1cc29,拖富链;托富链
eee89d93,喜团代;喜团代理;喜团
99efad05,比特币
0950b094,美酷鑫牛科技有限公司;美酷家
7e578002,
48caae61,人人汇;汇友
3fcd9ef7,米袋理财;米袋
a6c4cf4d,周转宝盒
d1c3ffdb,亦跑科技公司;亦跑
4fa76a78,微小宠
38a05aee,礼赞商城
a1a90b54,悦拜
d6ae3bc2,
46112653,众人帮
311616c5,摩拜链
51d19f20,aet外汇平台
26d6afb6,手机宝
bfdffe0c,中盈晟投资
c8d8ce9a,bitfuture
56bc5b39,富盈国际;融股通
21bb6baf,壹彤地产
b8b23a15,维卡币;马克币;百川币
cfb50a83,山东必普;张吉记
5f0a1712,全球看点
280d2784,多啦理财;多啦聚财;嘉银普惠
7afccce3,
0dfbfc75,youbank
94f2adcf,
e3f59d59,狗狗币;比特狗
7d9108fa,钱来也
0a96386c,腾展科技;火币交易所
939f69d6,以太坊
e4985940,spdrgoldtrust
742744d1,点点下
03207447,微多猫
63e7fda2,恒丰配资
14e0cd34,创收宝;拓展宝;拓
8de99c8e,微交易
faeeac18,geres庄园
648a39bb,红豆卡
138d092d,丝路金融资产交易中心;丝路金交
8a845897,万商惠
fd836801,
6d3c7590,景鸿环球;景鸿集团
1a3b4506,安惠;安惠公司;安惠公;安惠生物科技
e47fe16d,嗨团;嗨团团购
9378d1fb,fcoin
0a718041,华融信托;华融金融;中国华融资产管理公司;中国华融资产管理股份
7d76b0d7,国远资产集团
e3122574,澳洲百汇
941515e2,蚌;网盛生意宝;网盛供应链管;网
0d1c4458,迅雷;玩客币
7a1b74ce,鼎诚创投
eaa4695f,蒙顶山茶交所
9da359c9,友信证券
fd64d02c,淘金网
8a63e0ba,vkmall
136ab100,链塔科技;链塔
646d8196,网盛生意宝
fa091435,agk金钥匙;agk金钥匙拆分盘;agk拆分盘
8d0e24a3,滴滴出行;哈啰出行
14077519,渝农商金融租赁有限责任公司;渝农商金租
6300458f,钱嗨娱乐
f3bf581e,普银币;普洱币;趣钱网;普;普银茶业
84b86888,
2d640152,
5a6331c4,速汇国际;speedtrad
c36a607e,企航集团;企
b46d50e8,硕威投资
2a09c54b,钱包侠
5d0ef5dd,凯降安宇矿业投资有公司
c407a467,我要;广州我要配资网络科技有限公司
b30094f1,
23bf8960,创世银库
54b8b9f6,云富反波胆
347f3013,快鸟;快鸟贷款
43780085,水象分期
da71513f,安亿金融
ad7661a9,
3312f40a,小米;小米有品有鱼
4415c49c,富;富途;富途牛牛
dd1c9526,小牛在线;小赢科技;车邦贷
aa1ba5b0,鼎盛
3aa4b821,
4da388b7,手机赚赚
1f5263d0,投;弘山财富
68555346,gmi
f15c02fc,蚂蚁矿场
865b326a,焱丰金服;口袋理财
183fa7c9,朵朵街购;朵朵街购物商城;朵朵街购物
6f38975f,ddbwallet钱包;ddb钱包
f631c6e5,
8136f673,
1189ebe2,手机宝
668edb74,
06495291,俞丰财富
714e6207,全网乐购
e84733bd,麻麻购
9f40032b,收获宝
01249688,
7623a61e,金斧子
ef2af7a4,金盒子
982dc732,fargofina富豪资本
0892daa3,易通创客
7f95ea35,鑫东投资
4908c456,智慧商城
3e0ff4c0,聚电智能科技;聚电智能;聚电
a706a57a,苏州币民网;必付宝
d00195ec,
4e65004f,sql数据链
396230d9,利魔方;vv农场
a06b6163,悟空理财
d76c51f5,河南鑫语电子科技有限公司
47d34c64,翼龙贷;玖富钱包;小赢理财
30d47cf2,沃时贷;米庄理财;神州泰岳;图腾贷
5013f517,
2714c581,诺亚财富
be1d943b,玫瑰之恋;好省;好省app
c91aa4ad,人人公益;善心汇
577e310e,天鑫金融
20790198,六趣网络科技
b9705022,喜牛
ce7760b4,玖富;玖富钱包
5ec87d25,山东必普;山东必普餐饮
29cf4db3,泛亚;泛亚交易;泛交所
7b3ea6d4,capstone凯石
0c399642,蹦蹦网
9530c7f8,安徽恒峰投资公司;安徽恒峰投资有限公司
e237f76e,宜人贷
7c5362cd,微信跑分
0b54525b,
925d03e1,
e55a3377,
75e52ee6,zb香港交易所
02e21e70,东上金服;聚羊金融;汇投网;金羊金服
62259795,金鑫隆;响;锅巴土豆
1522a703,富格林投资
8c2bf6b9,
fb2cc62f,亚泰坊
6548538c,富宏国际
124f631a,易到用车;易到
8b4632a0,雷达钱包
fc410236,
6cfe1fa7,万豪金业
1bf92f31,拖富链;托富链
e5bd8b5a,趣;趣步
92babbcc,共赢资讯
0bb3ea76,雷达币
7cb4dae0,喜团
e2d04f43,杨梅白卡
95d77fd5,光大云富
0cde2e6f,飞贷金融
7bd91ef9,名扬策略
eb660368,winbitex
9c6133fe,捷易通;速途网
fca6ba1b,
8ba18a8d,bet365体育在线投注
12a8db37,美酷家;美酷科;美酷国际;国酷龙达
65afeba1,创世大发
fbcb7e02,蓝莓花;蓝莓花花
8ccc4e94,欧达币egk
15c51f2e,有信钱包
62c22fb8,华克;华克金
f27d3229,fnwlw
857a02bf,jojomarkets
b427a317,trademax
c3209381,jmc共赢生态链
5a29c23b,coinall币全;币全;coinall币全交易平台
2d2ef2ad,优信;golden;goldenpacer
b34a670e,朵朵街
c44d5798,未来集市
5d440622,小豹科技
2a4336b4,pgwg高柏资本
bafc2b25,豆豆网;蹦;蹦蹦网
cdfb1bb3,
ad3c9256,维堡天善
da3ba2c0,expasset.ltd
4332f37a,享链
3435c3ec,乾包;乾宝;乾包网
aa51564f,鑫网易商;畅由
dd5666d9,topology;币族交易所;币
445f3763,朵朵街
335807f5,gcg钜富;鉅富金融;gcg钜富金融
a3e71a64,nordfx诺德;诺德
d4e02af2,加油宝;商评君
8611c195,
f116f103,
681fa0b9,鑫东投资
1f18902f,
817c058c,
f67b351a,淘气购;淘气购商
6f7264a0,哈银金融;哈银消费金融
18755436,jojomarkets
88ca49a7,夸克链信;克链信
ffcd7931,cnhkcoin;cnhkc
9f0af0d4,乾联国际
e80dc042,环球之音
710491f8,epay
0603a16e,番;刺
986734cd,全球看点;趣步智慧晶
ef60045b,卓德外汇;卓德
766955e1,易到用车
016e6577,
91d178e6,东融在线;快鹿集团
e6d64870,豹付;豹付钱包
d04b6613,天源汇
a74c5685,
3e45073f,掌众金服
494237a9,cambridgeassociates
d726a20a,usg联准国际;联准优视
a021929c,金秋财富
3928c326,极星金融
4e2ff3b0,siexchange
de90ee21,万豪金业
a997deb7,ip联盟;小米有品有鱼
c9505752,蚂蚁淘金
be5767c4,全民红包
275e367e,厚福无疆
505906e8,小猫来财
ce3d934b,派派猪网贷
b93aa3dd,fx
2033f267,gcb光彩币;亚欧币;五行币;万福
5734c2f1,以太坊钱包
c78bdf60,飞迟财富
b08ceff6,福晶科技
e27d0491,好玩;好玩吧
957a3407,小九花花
0c7365bd,岁越之家
7b74552b,亦跑
e510c088,
9217f01e,
0b1ea1a4,好玩吧
7c199132,艾丽哲
eca68ca3,粉涩生物;粉涩商;粉涩
9ba1bc35,
fb6635d0,唐;我的菜理财
8c610546,随时约
156854fc,
626f646a,兴;神州长城
fc0bf1c9,华克金
8b0cc15f,
120590e5,
6502a073,
f5bdbde2,
82ba8d74,钻石画;盈合凯祥钻石画
7cfe291f,美物说
0bf91989,
92f04833,风雨无忧
e5f778a5,世纪金业
7b93ed06,天空之;天空之城
0c94dd90,企叮咚
959d8c2a,比特狗bt
e29abcbc,supertoken
7225a12d,小米有品
052291bb,展荣财富
65e5185e,滴滴出行
12e228c8,百瑞赢
8beb7972,优信;goldenpacer
fcec49e4,
6288dc47,盈联影视
158fecd1,
8c86bd6b,汇联智投
fb818dfd,南京宁聚信息技术有限公;招财蜂
6b3e906c,
1c39a0fa,
b5e5c920,试客小兵
c2e2f9b6,隆鑫生态果园
5beba80c,顺心花花
2cec989a,天裕金宝
b2880d39,掌上拍pac
c58f3daf,星辉国际;鼎展国际;星石资本
5c866c15,远特时空;喜牛
2b815c83,牛钱网
bb3e4112,
cc397184,瑞景之家
acfef861,爱客金融
dbf9c8f7,以太坊;以以太坊
42f0994d,光大分利宝;车丰汇
35f7a9db,e抵快贷
ab933c78,奥美;奥美集团;奥美外汇
dc940cee,火币钱包;火币
459d5d54,地球币;earthcoin
329a6dc2,roadstar.ai
a2257053,bt比特国际;牛掌柜
d52240c5,小凡人
87d3aba2,板凳理财;金鼠贷;上海镐丰资产管理有限公司;镐丰资产;啄米理财
f0d49b34,youbank
69ddca8e,禦和弘
1edafa18,
80be6fbb,
f7b95f2d,火币钱包
6eb00e97,挂挂赚
19b73e01,金富国际金融
89082390,吉祥兔
fe0f1306,gojoy商城
9ec89ae3,瑞景之家
e9cfaa75,卓德外汇
70c6fbcf,btc期货交易所
07c1cb59,和基
99a55efa,小九花花
eea26e6c,创金合信;天天基金
77ab3fd6,比特币;以太坊
00ac0f40,微多猫
901312d1,阳光ai
e7142247,天裕泓盛
d1890c24,椰蓉四叶草;水
a68e3cb2,
3f876d08,德聚理财
48805d9e,享筹吧;一棵树
d6e4c83d,
a1e3f8ab,游资通
38eaa911,链克
4fed9987,耀光辉商贸;麦穗金服
df528416,
a855b480,dcofx
c8923d65,
bf950df3,凯顿
269c5c49,邦富在线
519b6cdf,奉恩之家
cffff97c,创收宝;拓展宝
b8f8c9ea,米金社
21f19850,妙月百度
56f6a8c6,微多猫
c649b557,fcoin
b14e85c1,软
e3bf6ea6,荣盛商务
94b85e30,中原地产;世宙
0db10f8a,小蜜;小蜜单车
7ab63f1c,创客链
e4d2aabf,
93d59a29,亿品赞
0adccb93,trademax外汇平台
7ddbfb05,盈泰联合
ed64e694,
9a63d602,悠悠斗地主;51赚呗
faa45fe7,妙月百度
8da36f71,洛克币
14aa3ecb,维客特
63ad0e5d,乾润华;乾润华创
fdc99bfe,嘉盛外汇
8aceab68,
13c7fad2,亦跑
64c0ca44,中龙创想
f47fd7d5,比特币
8378e743,趣鱼乐
7d3c4328,gtc点金
0a3b73be,
93322204,蜜;蜜芽宝贝
e4351292,
7a518731,
0d56b7a7,小花年代
945fe61d,agk金钥匙游戏
e358d68b,天人合一;外汇
73e7cb1a,agk理财
04e0fb8c,
64277269,小米有品
132042ff,梵大;梵
8a291345,未来集市
fd2e23d3,享骑出行;享骑电单车
634ab670,皇御环球
144d86e6,ppmoney网贷
8d44d75c,小樱桃商城;小樱桃
fa43e7ca,汇管家社区
6afcfa5b,全民影视;聚汇天下;天创息壤;大唐天下
1dfbcacd,章鱼哥
b7a37779,鼎盈信投
c0a447ef,我爱我家
59ad1655,七星众筹
2eaa26c3,悟空钱包
b0ceb360,易到
c7c983f6,宝丰国际
5ec0d24c,小水滴
29c7e2da,川商联宗商品交易中心
b978ff4b,
ce7fcfdd,咸鱼妹
aeb84638,战狼3
d9bf76ae,小工匠
40b62714,matrixport
37b11782,应用宝;贷
a9d58221,比特币;宝币网
ded2b2b7,全球购
47dbe30d,沃时贷
30dcd39b,创客链
a063ce0a,爱建证券
d764fe9c,创客链
859515fb,乐先花
f292256d,云南仓须商贸有限公司;礼品策商城;礼品策
6b9b74d7,
1c9c4441,
82f8d1e2,淘气购
f5ffe174,比特币;以太坊
6cf6b0ce,客天下;客福天下
1bf18058,火趣
8b4e9dc9,玛;玛伊微享淘
fc49ad5f,小微e贷通
9c8e24ba,微信跑分
eb89142c,焕商;焕呗
72804596,
05877500,智慧晶
9be3e0a3,鑫匯
ece4d035,fn未来网;未来网
75ed818f,
02eab119,大象国际
9255ac88,华登区块狗
e5529c1e,火萤棋牌
d3cfb27d,nordfx诺德;nordfx
a4c882eb,finci
3dc1d351,
4ac6e3c7,瑞景之家
d4a27664,逸富国际
a3a546f2,趣渔乐
3aac1748,爱打卡
4dab27de,嘉乐保
dd143a4f,中讯策略
aa130ad9,永利小额贷款股份;华融金融租赁;信泰人寿
cad4833c,primas
bdd3b3aa,奥美集;otm奥美外汇;奥美外汇
24dae210,超级人脉
53ddd286,网;光速贷
cdb94725,智能管家;马上智能管家
babe77b3,致享融
23b72609,婕而逊
54b0169f,链城亿购
c40f0b0e,
b3083b98,
e1f9d0ff,中华企业
96fee069,k雀空間联盟
0ff7b1d3,nextbank
78f08145,福瑞斯;福瑞斯金融
e69414e6,比特币
91932470,gcb光彩币;亚欧币;五行币;万福
089a75ca,incipitcapitalinternationalgroup;资本国际
7f9d455c,globalspot;全球看点
ef2258cd,soxex
9825685b,tk全球公盘
f8e2e1be,米袋理财;米袋
8fe5d128,yz闪定
16ec8092,蓝晶社
61ebb004,闻喜配资
ff8f25a7,
88881531,创客链
1181448b,中浙金控;恒利金业
6686741d,盈盛资本
f639698c,钦和投资管理有限公司;趣投资;钦和投资
813e591a,顺骑共享
7f7afd71,
087dcde7,第一金汇;金正宝玉;狮子环球
91749c5d,比特未来金业
e673accb,香港谷点国际期货
78173968,创世金库
0f1009fe,谋成创汇
96195844,
e11e68d2,汇兴智业
71a17543,邦富投资;邦富在线
06a645d5,
6661cc30,凯捷金融gkfx;凯捷金融gkfx平
1166fca6,神州专车
886fad1c,华北大宗商品交易中心;锦丰国际
ff689d8a,苏州星链科技
610c0829,捷信金融;捷信
160b38bf,聚鑫团
8f026905,
f8055993,tgcgroup;时汇创富集
68ba4402,全球看点
1fbd7494,度王金服
b6611d4e,
c1662dd8,吉林鼎邦集团
586f7c62,神开;快鹿集团;业祥投资;业祥
2f684cf4,v-coin平台
b10cd957,云联惠;众泰理财
c60be9c1,淘优乐
5f02b87b,辰颐物语
280588ed,fxvgi
b8ba957c,k
cfbda5ea,虹奥财富
af7a2c0f,人人汇
d87d1c99,领峰
41744d23,youbank
36737db5,区块狗
a817e816,
df10d880,天汇金融期货
4619893a,恒昌众;恒易融
311eb9ac,天津文化产业小额贷款有限公司;天津北方文化产业投资集团
a1a1a43d,朵色;朵色彩妆
d6a694ab,易宝支付
84577fcc,蚂蚁淘金
f3504f5a,香港安盛
6a591ee0,香港华人集团
1d5e2e76,北京钱得乐;金蛋理财
833abbd5,wi
f43d8b43,恩焙优品
6d34daf9,帮;科呗;中;帮呗
1a33ea6f,惠鑫投资
8a8cf7fe,菲特尔国际
fd8bc768,lisinex;li
9d4c4e8d,
ea4b7e1b,infinox;英诺外汇
73422fa1,mgk;mgk平台
04451f37,
9a218a94,和讯
ed26ba02,云耕云牧
742febb8,
0328db2e,
9397c6bf,越南ico
e490f629,trfx
d20dd84a,简啦啦
a50ae8dc,otm奥美外汇
3c03b966,银亚国际
4b0489f0,新橙优品
d5601c53,
a2672cc5,之道出行;人人公益
3b6e7d7f,富通环球投资
4c694de9,小龟软件;小龟
dcd65078,肯德基kfcc
abd160ee,
cb16e90b,淘气天尊
bc11d99d,悟空钱包
25188827,微多猫
521fb8b1,fil;ip;ipfs/filecoin
cc7b2d12,火萤棋牌
bb7c1d84,
22754c3e,萨飞资本;江西丰厚源养老有限公司
55727ca8,中海领投;中
c5cd6139,mmm国际互助;互助盘
b2ca51af,husdtoken;火币钱包;火币
e03bbac8,德邦
973c8a5e,
0e35dbe4,宗客网
7932eb72,
e7567ed1,臻牛所配资
90514e47,禦和弘
09581ffd,红丰智投;豆蔓智投
7e5f2f6b,玩客云;玩客币
eee032fa,商鼎联创
99e7026c,米库帮
f9208b89,atfx外汇;铭添观汇;atfx
8e27bb1f,
172eeaa5,
6029da33,易到公司
fe4d4f90,
894a7f06,人人汇
10432ebc,深圳前海新印象旅游发展有限公司;印象中国;鸿汇国际
67441e2a,
f7fb03bb,同创期权
80fc332d,华镇控股
7eb89746,greatprofitgloballimited
09bfa7d0,小花年代
90b6f66a,y-pay钱;y-pay
e7b1c6fc,火萤棋牌
79d5535f,
0ed263c9,浅丘金融
97db3273,大笨象商城
e0dc02e5,微云全球
70631f74,jojomarkets
07642fe2,喜牛
67a3a607,华;七
10a49691,金秋财富平台;金秋财富理财平台
89adc72b,智圣金服
feaaf7bd,印象口袋
60ce621e,申万宏源
17c95288,ufo挖矿
8ec00332,易信普惠
f9c733a4,bicool平台
69782e35,金钱树拆分盘
1e7f1ea3,qc商城
b32e0bcb,环球之音
c4293b5d,地中海币
5d206ae7,大田环球
2a275a71,奥美外汇
b443cfd2,南京宁聚信息技术有限公;招财蜂
c344ff44,嘉晟财富
5a4daefe,邦富投资有限公司;邦富在线
2d4a9e68,okcoin币行;okcoin
bdf583f9,万象国际外汇;igofx
caf2b36f,吉祥币
aa353a8a,
dd320a1c,vpay
443b5ba6,
333c6b30,traderbrand;粒子金融
ad58fe93,黑马外汇平台
da5fce05,
43569fbf,铭添观汇;atfx
3451af29,远特喜牛
a4eeb2b8,大卫博士
d3e9822e,
81186949,
f61f59df,聚宝汇;海航
6f160865,拍拍乐
181138f3,
8675ad50,expasset平台;环球天鹰
f1729dc6,cfx圆汇金融
687bcc7c,礼赞商城
1f7cfcea,昆仑国际;盈凯国际
8fc3e17b,
f8c4d1ed,
98035808,mchain
ef04689e,每日赚点
760d3924,好玩吧
010a09b2,维卡币
9f6e9c11,hiifx海汇国际
e869ac87,
7160fd3d,康满堂;中恒三三
0667cdab,天亿福集团
96d8d03a,虎币网
e1dfe0ac,比特币
d742cecf,bit;bit-z
a045fe59,欧特币
394cafe3,借亦有道
4e4b9f75,比特狗
d02f0ad6,
a7283a40,coinbene;百倍币
3e216bfa,
49265b6c,魔塑健身;企叮咚
d99946fd,赚赚熊
ae9e766b,掌上拍;pac掌上拍
ce59ff8e,
b95ecf18,金吉利宝
20579ea2,淘富宝
5750ae34,mchain
c9343b97,全球看点
be330b01,
273a5abb,币虎;币虎全球交易所
503d6a2d,请你贷;上海砚下金融信息服务有限公司
c08277bc,
b785472a,
e574ac4d,
92739cdb,youbank
0b7acd61,
7c7dfdf7,algorand
e2196854,常德市立信投资管理有限公司
951e58c2,sero
0c170978,iiibtc;iiibtc交易所
7b1039ee,深圳智本金融服务有限公司;丰财网
ebaf247f,派派猪网贷
9ca814e9,贵金属交易平台;贵
fc6f9d0c,nordfx诺德;诺德
8b68ad9a,vkmall
1261fc20,请你贷;上海砚下金融
6566ccb6,臻牛所配资
fb025915,
8c056983,
150c3839,aisa爱莎外汇
620b08af,微多猫
f2b4153e,成泉策略
85b325a8,零点矿工
7bf781c3,aisa爱莎外汇
0cf0b155,
95f9e0ef,盐津铺子
e2fed079,云联惠;众泰理财
7c9a45da,福建元昇工程项目管理有限公司
0b9d754c,华
929424f6,gec币;gec挖矿
e5931460,琼华网
752c09f1,大象国际
022b3967,幻城游戏;幻城国际
62ecb082,劲x庄
15eb8014,比特币;以太坊;mchain
8ce2d1ae,流浪地球
fbe5e138,平安好房
6581749b,超级人脉
1286440d,aet外汇
8b8f15b7,珍宝币
fc882521,太空链;以太熊猫币
6c3738b0,alb
1b300826,小樱桃商城
b2ec61fc,漂亮50
c5eb516a,锦欣生殖
5ce200d0,嗨团团购
2be53046,云尊集团;云尊
b581a5e5,bosstoken
c2869573,gate.io
5b8fc4c9,瑞景之家
2c88f45f,
bc37e9ce,巴比特;比原链
cb30d958,iotoken
abf750bd,
dcf0602b,恒天集团
45f93191,微云全球
32fe0107,聚鑫;富管家
ac9a94a4,车享链
db9da432,afmfx
4294f588,cashshuffle;electroncash钱包
3593c51e,环球金汇网
a52cd88f,悦拜
d22be819,河南南阳大宗商品
80da037e,st中华企业
f7dd33e8,币盈联盟
6ed46252,鼎诚创投
19d352c4,
87b7c767,广州西勃商品交易中心
f0b0f7f1,以太森林
69b9a64b,
1ebe96dd,钱保姆
8e018b4c,wpay钱包
f906bbda,acc渔民俱乐部
99c1323f,文汇阁
eec602a9,贷易还
77cf5313,h
00c86385,万豪金业
9eacf626,共享宝
e9abc6b0,景顺长城
70a2970a,潜隆贷
07a5a79c,蚂蚁巴士
971aba0d,oranflag
e01d8a9b,
d680a4f8,钱嗨娱乐
a187946e,未来集市;天互
388ec5d4,庆翱投资
4f89f542,盘古;中科汇通
d1ed60e1,中通汽车
a6ea5077,gomoney;gomoney）币;animalgo
3fe301cd,faith招聘
48e4315b,
d85b2cca,bmo国际;猫之链
af5c1c5c,钱香金融
cf9b95b9,季翁岭财富平台;季翁岭财富
b89ca52f,善心汇;互助
2195f495,芒果口袋
5692c403,中浩丰投资发展;广
c8f651a0,雷达币
bff16136,
26f8308c,
51ff001a,斐讯
c1401d8b,
b6472d1d,前海裕伦
e4b6c67a,科妙控股
93b1f6ec,
0ab8a756,微淘
7dbf97c0,土豆驾到;金鑫隆;锅巴土豆
e3db0263,潜隆贷
94dc32f5,全民养鱼
0dd5634f,汇联智投
7ad253d9,朵拉试衣间
ea6d4e48,蚂蚁巴士
9d6a7ede,盈方达商贸有限公司
fdadf73b,gallantcapitalmarkets;gallant
8aaac7ad,优可生活;y
13a39617,钻石画;钻石;盈合凯祥钻石画
64a4a681,俊掌柜
fac03322,小乾科技;乾包网
8dc703b4,
14ce520e,温商贷;8戒有财;8
63c96298,币盛汇
f3767f09,中瑞财讯
84714f9f,北京国远资产管理集团有限公司;国远集团
7a35ebf4,easy-forex易信
0d32db62,gsgforex外汇平
943b8ad8,小溪省钱;聚小溪
e33cba4e,世舟之家
7d582fed,
0a5f1f7b,客天下;客福天下
93564ec1,成;潜隆贷
e4517e57,币赢网;币
74ee63c6,gtc国际拆分;gtc全国
03e95350,澳沃国际
632edab5,香港远大期货
1429ea23,
8d20bb99,存德投资;存德
fa278b0f,喜团
64431eac,云联惠;爱尚养;爱心汇;大唐天下
13442e3a,时空周转;好信分期
8a4d7f80,手机宝
fd4a4f16,管家帮
6df55287,米奥;米奥钱包;mi
1af26211,
b0aadfa5,万铂不动产;万氏国际
c7adef33,远特喜牛通讯;远特喜牛通信
5ea4be89,rusdav
29a38e1f,逸富国际期货
b7c71bbc,亨特国际;乾通国
c0c02b2a,首汽约车
59c97a90,聚合国际联盟社区;聚合国际联盟
2ece4a06,盾安;盾安集团
be715797,
c9766701,
a9b1eee4,销巴科技有限公司;销巴生活
deb6de72,cqs外汇
47bf8fc8,邦君悠购
30b8bf5e,腾邦现货
aedc2afd,
d9db1a6b,友信一生
40d24bd1,华景无限;华景无限逍遥卡
37d57b47,bet365娱乐场
a76a66d6,增融财富
d06d5640,印象口袋
829cbd27,创收宝
f59b8db1,淘钱宝
6c92dc0b,cashshuffle;electroncash钱包
1b95ec9d,朵朵街
85f1793e,听伴;考拉fm
f2f649a8,喵小二
6bff1812,小兔救急
1cf82884,tigerwit
8c473515,请你贷;上海砚下金融
fb400583,滴滴出行;民生信托
9b878c66,比特币
ec80bcf0,
7589ed4a,
028edddc,辰颐物语
9cea487f,蓝枫林
ebed78e9,axitrader外汇平台
72e42953,
05e319c5,友信智投;友
955c0454,钱香;钱香金融
e25b34c2,bit-z
d4c61aa1,atfx
a3c12a37,万顺叫车;村村通
3ac87b8d,eok
4dcf4b1b,吉丰财富管;吉丰金服
d3abdeb8,
a4acee2e,米房借条
3da5bf94,youbank
4aa28f02,otm奥美集团;otm奥美外汇;otm奥美
da1d9293,
ad1aa205,得能生物科技
cddd2be0,借易通
bada1b76,汇联智投
23d34acc,大姐花app
54d47a5a,雅堂金融
cab0eff9,爱钱来;影艺影视;中金影视;金谷影视
bdb7df6f,同花顺
24be8ed5,横琴新区稀贵交易中心有限公司
53b9be43,干股帮
c306a3d2,betfair
b4019344,布尔金融;冠联投资家园
e6f07823,
91f748b5,一币;幸
08fe190f,有脉金控
7ff92999,金盒子
e19dbc3a,比
969a8cac,偃师嘟嘟生活
0f93dd16,沃尔克
7894ed80,tokeninsight
e82bf011,
9f2cc087,云南仓须商贸有限公司;礼品策
ffeb4962,中金在线
88ec79f4,杉易贷
11e5284e,瞳盛国际
66e218d8,精灵家园
f8868d7b,安;天策
8f81bded,河南盈鑫金融服务有限公司;河南盈鑫金融服务
1688ec57,聚宝汇
618fdcc1,远特喜牛
f130c150,
8637f1c6,恋指团
787355ad,健康猫
0f74653b,零点矿工
967d3481,金殿环球金融投资集团;金殿环球
e17a0417,豆豆趣玩;小鱼赚钱;试客小兵
7f1e91b4,futurenet未来网
0819a122,联养链
9110f098,爱投资
e617c00e,
76a8dd9f,大和嘉盛公司
01afed09,火星传媒
616864ec,虎币网
166f547a,
8f6605c0,众盈环球
f8613556,op;panda虚拟币;panda拆
6605a0f5,天河城建;天河城建开发投资有限公司
11029063,lx商城理想家园
880bc1d9,销巴;销巴生活;销巴科技有限公司
ff0cf14f,友信智投;人人贷
6fb3ecde,中国汇盈天
18b4dc48,
b168b592,前海开源
c66f8504,instaforex
5f66d4be,加格达奇股德公司
2861e428,恒天集团
b605718b,享车app
c102411d,新橙优品
580b10a7,空气币管家
2f0c2031,金融交易
bfb33da0,英皇集团理财
c8b40d36,鲁多多
a87384d3,美联金融
df74b445,支付币
467de5ff,益掌通;联创;联
317ad569,singularity奇点;si
af1e40ca,瑞;瑞波联储
d819705c,浙江国恒金融;杭州恒祥经济信息咨询有限公司;上海都城投资有限公司
411021e6,
36171170,景鸿环球;景鸿集团
a6a80ce1,乐先花
d1af3c77,
835ed710,广州丰团投资顾问有限责;从化旺城
f459e786,现金借款
6d50b63c,钱保姆
1a5786aa,币圈橘子
84331309,比特兔交易所;比特兔
f334239f,鑫银宝
6a3d7225,瑞景之家
1d3a42b3,呼呼出行
8d855f22,投;投资实战;投资实战社
fa826fb4,
9a45e651,
ed42d6c7,金殿环球金融投资集团;金殿环球
744b877d,火币
034cb7eb,维卡币
9d282248,财富裂变榜
ea2f12de,神谷策略
73264364,保德薪
042173f2,bmo国;猫之链
949e6e63,猎金影视
e3995ef5,世舟之家;杭州世舟投资管理有限公司
d5047096,gaea
a2034000,
3b0a11ba,ukfgroup
4c0d212c,秒钱理财
d269b48f,tri拓利平台;tri拓利
a56e8419,比特币;airbitclub
3c67d5a3,
4b60e535,
dbdff8a4,杨方股票
acd8c832,plustoken;以;sumtoken
cc1f41d7,秦川策略
bb187141,投资吧
221120fb,维卡币;马克币;百川币
5516106d,
cb7285ce,kb数字资产兑换平台;kb数字资产兑换平
bc75b558,车享贷;弘高
257ce4e2,借亦有道
527bd474,husdtoken;火币钱包;火币;火币钱
c2c4c9e5,
b5c3f973,全网乐购
e7321214,
90352282,呦蓝
093c7338,coinbkb;coinbkb交易所
7e3b43ae,闲鱼;闲
e05fd60d,云南城投;华商之家投资开发有限公司
9758e69b,微推推
0e51b721,
795687b7,
e9e99a26,智慧晶
9eeeaab0,钱嗨娱乐
fe292355,秦川策略
892e13c3,度小满;以太坊
10274279,云;季翁岭投资有限公司
672072ef,比特币
f944e74c,
8e43d7da,
174a8660,futurenet未来网
604db6f6,外汇天眼
f0f2ab67,蚂蚁矿机;蚂蚁矿池;斧子币
87f59bf1,火牛视频
79b13f9a,弘晟外汇
0eb60f0c,aet外汇
97bf5eb6,
e0b86e20,accion外汇平台
7edcfb83,bosscoin
09dbcb15,酷骑单车
90d29aaf,朵色
e7d5aa39,currense;zulutrade
776ab7a8,
006d873e,小米有品有鱼
60aa0edb,
17ad3e4d,保诚国际
8ea46ff7,皇玛金融
f9a35f61,e抵快贷
67c7cac2,光大信
10c0fa54,jojomarkets
89c9abee,惠富天下
fece9b78,金;华
6e7186e9,任乐花
1976b67f,雷顿投资管理
ba34f2af,
cd33c239,
543a9383,
233da315,
bd5936b6,先汇国际
ca5e0620,凤凰金融;凤凰智信
5357579a,华登区块狗
2450670c,mxc抹茶交易所;11broker
b4ef7a9d,nbo币;nbo微矿机
c3e84a0b,致享融
a32fc3ee,广发基金;百瑞赢证券咨询公司
d428f378,比特易
4d21a2c2,豆豆粮票
3a269254,章鱼丸;章鱼;章鱼世界
a44207f7,bondex
d3453761,秒钱;秒钱理财
4a4c66db,牧芽
3d4b564d,特惠赚
adf44bdc,玩客云;玩客币
daf37b4a,以太森林
8802902d,众联网;众兴通
ff05a0bb,腾邦现货;润通现货
660cf101,维堡天善
110bc197,酷骑单车
8f6f5434,gaea交易所
f86864a2,
61613518,慧盈理财
1666058e,米袋理财;米袋
86d9181f,鑫合邦外汇
f1de2889,
9119a16c,
e61e91fa,丽达黄金交易中心
7f17c040,国远资产管理集团有限公司
0810f0d6,添;慧财宝
96746575,
e17355e3,cashshuffle
787a0459,youbank
0f7d34cf,vkmall
9fc2295e,朵色
e8c519c8,老虎外汇
de5837ab,金吉利宝
a95f073d,
30565687,
47516611,鼎诚创投
d935f3b2,小马读财;圣贤财富
ae32c324,万多福
373b929e,利来国际;博天堂
403ca208,华药益掌通;益掌通
d083bf99,荣耀配资
a7848f0f,云尊链;云尊交易所
c74306ea,mgk平台
b044367c,
294d67c6,仙之谷;仙之谷农场
5e4a5750,速想购
c02ec2f3,wistonfx威石
b729f265,富格林投资
2e20a3df,拖富链;托富链
59279349,雷达钱包
c9988ed8,陆金所
be9fbe4e,
ec6e5529,广州因特间时尚服饰有限公司
9b6965bf,瑞波币;以太坊
02603405,福瑞斯;福瑞斯金融
75670493,
eb039130,长征财富
9c04a1a6,长安国;藤蔓资产
050df01c,比特币;新比特币;newbtcoin
720ac08a,滴滴打车
e2b5dd1b,亦跑
95b2ed8d,币王
f5756468,乾润华创
827254fe,
1b7b0544,youbank
6c7c35d2,大同行理财;光大分利宝
f218a071,泛亚交易
851f90e7,ttex;ttex天天交易所;利多资;利多资本
1c16c15d,钱保姆;小白马金服
6b11f1cb,未来集市
fbaeec5a,云南信托
8ca9dccc,
72ed78a7,
05ea4831,鑫东投资
9ce3198b,华夏云商
ebe4291d,fn未来网;expasset
7580bcbe,网
02878c28,钱嗨娱乐
9b8edd92,
ec89ed04,火🔥趣;火趣
7c36f095,牛多宝;鼎之富
0b31c003,天鑫金融
6bf649e6,
1cf17970,汇金智能交易
85f828ca,广药大健康
f2ff185c,
6c9b8dff,创收宝
1b9cbd69,比特币
8295ecd3,fxvgi
f592dc45,wotoken
652dc1d4,
122af142,俞丰财富金融
bbf69898,中瑞财讯
ccf1a80e,昊鑫隆
55f8f9b4,kb数字资产兑换平台
22ffc922,火萤棋牌;流浪地球
bc9b5c81,比特币
cb9c6c17,嘉盛外汇平台
52953dad,企航;企
25920d3b,比特币;迈阿币mmcoin
b52d10aa,阅非商城
c22a203c,
a2eda9d9,环联公司;avo短线外汇交易
d5ea994f,鸿汇国际
4ce3c8f5,博创科技
3be4f863,
a5806dc0,特惠赚
d2875d56,钱盆网;壹壹金服
4b8e0cec,盐津铺子
3c893c7a,和基
ac3621eb,expasset
db31117d,
89c0fa1a,vkmall
fec7ca8c,钱嗨娱乐
67ce9b36,优;优品潮
10c9aba0,弹个车;凤
8ead3e03,世纪金业
f9aa0e95,央金所
60a35f2f,比特币;跑
17a46fb9,通金所
871b7228,爱暄堂
f01c42be,小米有品;小米有品有鱼
90dbcb5b,gcb光彩币;亚欧币;五行币;万福
e7dcfbcd,
7ed5aa77,凤凰币
09d29ae1,牧宝
97b60f42,联贝德
e0b13fd4,和基
79b86e6e,小豹科技
0ebf5ef8,小凡人
9e004369,斧头币;axe斧头币;达世系
e90773ff,digifinex
df9a5d9c,宝星环球投资;宝星环球
a89d6d0a,加油宝存管
31943cb0,agk金钥匙游戏;agk
46930c26,维客特
d8f79985,黄金钱包
aff0a913,米缸金融;天;天安财险
36f9f8a9,御龙传说
41fec83f,超量云
d141d5ae,小工匠
a646e538,yz闪定app;yz闪定
c6816cdd,
b1865c4b,
288f0df1,玩客云;斐讯;玩客币
5f883d67,璀璨控股
c1eca8c4,神开;快鹿集团;业祥投资;业祥
b6eb9852,algorand
2fe2c9e8,litecoin;莱特币
58e5f97e,小米有品;小米众筹
c85ae4ef,北京国远资产管理集团有限公司;国远集团
bf5dd479,特惠赚
edac3f1e,蚂蚁巴士
9aab0f88,米袋理财;米袋
03a25e32,宏图富邦
74a56ea4,
eac1fb07,小龟软件;小龟
9dc6cb91,nrcfx鼎汇（鼎匯;snrcfx鼎汇（鼎匯
04cf9a2b,享车
73c8aabd,月;泰禾人寿
e377b72c,币圈;安
947087ba,劲拓股份;劲拓自动化;劲拓
f4b70e5f,husdtoken;火币钱包;火币
83b03ec9,安泰雅寓
1ab96f73,国金中融
6dbe5fe5,qc商城
f3daca46,前海开源;前海开源基金;前海开源资产;前海开源资产管理
84ddfad0,
1dd4ab6a,蚂蚁矿场
6ad39bfc,
fa6c866d,远东金融
8d6bb6fb,全球购
732f1290,神店
04282206,gtfx
9d2173bc,麻袋财富
ea26432a,米袋计划;米袋理财
7442d689,
0345e61f,招财蜂app;招财蜂
9a4cb7a5,德融财富
ed4b8733,和基外汇
7df49aa2,利辉乾;利辉乾财富
0af3aa34,鑫东投资
6a3423d1,悟空理财
1d331347,聚宝匯;员;聚宝滙
843a42fd,微信跑分
f33d726b,nordfx诺德;诺德外汇
6d59e7c8,富民宝
1a5ed75e,易到
835786e4,
f450b672,激石集团
64efabe3,
13e89b75,拆分;alb拆分盘
a6920cf9,tfc托富链
d1953c6f,
489c6dd5,盈盈理财;乾包网
3f9b5d43,养鸡大亨
a1ffc8e0,养鹿啦共享牧场
d6f8f876,
4ff1a9cc,fct领先外汇;领先外汇
38f6995a,
a84984cb,中通巨龙;聊城巨龙
df4eb45d,恒富
bf893db8,新新贷
c88e0d2e,鳄鱼宝;众
51875c94,ewg外汇;bmfn博美外汇平台
26806c02,
b8e4f9a1,合众e贷
cfe3c937,掌上拍;pac掌上拍
56ea988d,崇信德亨外汇
21eda81b,比特币
b152b58a,
c655851c,比;irc艾诺外汇平台
94a46e7b,工资管家
e3a35eed,
7aaa0f57,牡丹鸡
0dad3fc1,小溪省钱
93c9aa62,新橙优品
e4ce9af4,赶谷榜
7dc7cb4e,世纪金业
0ac0fbd8,
9a7fe649,
ed78d6df,宜友之家
8dbf5f3a,腾宝盛
fab86fac,粮库系;金汇微金
63b13e16,纷米智慧商圈;粉
14b60e80,etoro;e投睿
8ad29b23,imax迈达国际
fdd5abb5,axonomy
64dcfa0f,瑞景之家
13dbca99,嘉实资本
8364d708,
f463e79e,喜牛
c2fec9fd,雨瞳网络科技有限公司
b5f9f96b,章鱼哥
2cf0a8d1,广州鼎越商业保理有限公司;鼎越保理
5bf79847,longbit;公
c5930de4,ag国际外汇
b2943d72,
2b9d6cc8,米奇生活
5c9a5c5e,
cc2541cf,火萤棋牌
bb227159,呦蓝app
dbe5f8bc,
ace2c82a,
35eb9990,荔枝口袋
42eca906,养鹿啦
dc883ca5,优可生活
ab8f0c33,gate.io
32865d89,
45816d1f,鑫汇国际
d53e708e,万权创服
a2394018,猫之链理财;猫之链
f0c8ab7f,fnwlw
87cf9be9,jojomarkets
1ec6ca53,淮南专业顺子
69c1fac5,云联惠;众泰理财
f7a56f66,全民红包
80a25ff0,agk理财
19ab0e4a,闪电鸡探险鸡
6eac3edc,麻袋财富
fe13234d,云联惠;大唐天下
891413db,星星贷
e9d39a3e,
9ed4aaa8,一熊猫
07ddfb12,雷达钱包;雷达币
70dacb84,
eebe5e27,
99b96eb1,
00b03f0b,expasset
77b70f9d,豹驰国际;vci豹驰国际
e708120c,鼎诚创投
900f229a,
6e4b86f1,豹驰国际
194cb667,vkmall
8045e7dd,钱嗨娱乐
f742d74b,试客小兵
692642e8,
1e21727e,
872823c4,stp-ecn外汇;metatrader
f02f1352,手机宝
60900ec3,gkfxprime;捷凯
17973e55,优;优信;pacific;goldenpacer
7750b7b0,汇信;汇信外贸;汇信云外贸
00578726,si;siexchange;sie
995ed69c,侠侣亲子游
ee59e60a,
703d73a9,丽达黄金交易中心
073a433f,杨梅白卡
9e331285,存;存德投资
e9342213,荣耀配资
798b3f82,飞贷
0e8c0f14,和基外汇
a75066ce,youbank
d0575658,玖富集团;玖富;玖富普惠;玖富钱包;玖富普
495e07e2,应用试客
3e593774,江苏百瑞赢证券咨询有限公司
a03da2d7,隆鑫ht
d73a9241,小豹科技
4e33c3fb,惠富天下
3934f36d,易生金服
a98beefc,申万宏源;申
de8cde6a,币达财富联盟;币达财富
be4b578f,聚小溪;小溪省钱;聚小店
c94c6719,
504536a3,小兔救急
27420635,飞客在线
b9269396,山东力引牛信息科技有限公司;汇展通
ce21a300,土豆驾到;金鑫隆;锅巴土豆;土豆驾到锅巴土豆
5728f2ba,大牛花app
202fc22c,omega欧美加欧密加;欧美加
b090dfbd,前海开源
c797ef2b,蜗牛动力影视
9566044c,网信普惠;邑嘉
e26134da,华镇控股
7b686560,蓝莓花花
0c6f55f6,淘富宝
920bc055,hadax
e50cf0c3,gkfx
7c05a179,万顺叫车
0b0291ef,
9bbd8c7e,乾安投资
ecbabce8,广州鼎之富网络;牛多宝
8c7d350d,钱包侠
fb7a059b,
62735421,火币
157464b7,恺英互;恺英网络
8b10f114,金盒子
fc17c182,众人帮
651e9038,同创期权
1219a0ae,香港谷点国际期货
82a6bd3f,
f5a18da9,
c33ca3ca,有信钱包
b43b935c,比特币;bithumb
2d32c2e6,和而不同;和而不同互助
5a35f270,福建冠海海运;冠海海运
c45167d3,
b3565745,上银基金管理
2a5f06ff,nordfx
5d583669,聚财帮;中商亚信
cde72bf8,鑫果外汇
bae01b6e,万权创服
da27928b,微云全球
ad20a21d,微多猫
3429f3a7,米袋理财;米袋
432ec331,
dd4a5692,
aa4d6604,pac掌上拍
334437be,宗客网
44430728,小米商城;小米有品;小米有品有鱼
d4fc1ab9,
a3fb2a2f,现金借款;洋钱罐
f10ac148,siexchange;sie数字资产交易
860df1de,tagcoin
1f04a064,蚂蚁乐购商城
680390f2,绿洲币
f6670551,19号谷仓;爸爸糖
816035c7,妙月百度;妙月推广
1869647d,钱程策略
6f6e54eb,thecryptobank
ffd1497a,愿景基金
88d679ec,
e811f009,车丰汇
9f16c09f,
061f9125,麻袋财富;麻袋理财
7118a1b3,券妈妈
ef7c3410,okcoin;火币网
987b0486,惠富天下
0172553c,易到
767565aa,
e6ca783b,酷外汇
91cd48ad,atfx
6f89ecc6,
188edc50,未来集市
81878dea,
f680bd7c,
68e428df,
1fe31849,万政全民
86ea49f3,呆萌价
f1ed7965,艾拓思
615264f4,微淘
16555462,借亦有道
7692dd87,
0195ed11,比特币;vpay
989cbcab,链信
ef9b8c3d,蒙顶山茶交所
71ff199e,土豆驾到;金鑫隆;锅巴土豆
06f82908,车邦贷
9ff178b2,sie数;siexchange
e8f64824,小鸟发财
784955b5,淘乐惠
0f4e6523,富;九鼎集团
a516d897,
d211e801,
4b18b9bb,智选天下
3c1f892d,莱道区块链
a27b1c8e,文语影投
d57c2c18,鼎信佳瑞公司;鼎信佳瑞财富投资管理有限公司;贷你盈
4c757da2,富喜智服投
3b724d34,鼎汇
abcd50a5,米房借条
dcca6033,分;分成网
bc0de9d6,axonomy;爱糯米
cb0ad940,瑞景之家
520388fa,husdtoken;火币钱包;火币
2504b86c,曲全财富
bb602dcf,福e宝;华
cc671d59,平安普惠;平
556e4ce3,浪小花app
22697c75,未来集市
b2d661e4,全民推
c5d15172,to;ffx
9720ba15,河南南阳大宗商品
e0278a83,柚子
792edb39,养鸡大亨
0e29ebaf,
904d7e0c,抹茶mxc交易所
e74a4e9a,西瓜糊口;西瓜币
7e431f20,金币商;加油宝
09442fb6,
99fb3227,tnrj手机宝;火币
eefc02b1,siexchange
8e3b8b54,天鑫金融
f93cbbc2,华为p30
6035ea78,袋鼠妈妈
1732daee,金开贷
89564f4d,远特喜牛
fe517fdb,恒信环球投资;恒信集团
67582e61,
105f1ef7,
80e00366,
f7e733f0,finci芬吉;聚美商城;股易融
c17a1d93,汇联智投
b67d2d05,全球看点
2f747cbf,汇盈天
58734c29,盈盈理财;乾包网
c617d98a,
b110e91c,
2819b8a6,
5f1e8830,
cfa195a1,万权创服
b8a6a537,
d8612cd2,泛亚;泛亚交易
af661c44,小花年代
366f4dfe,ogh
41687d68,蚂蚁窝
df0ce8cb,金猪下崽
a80bd85d,比特币;雷达币;雷达
310289e7,云比特;巴特币
4605b971,
d6baa4e0,远特通信
a1bd9476,美缘影视
f34c7f11,中销
844b4f87,优美易购
1d421e3d,川银藏
6a452eab,雷;雷达币;雷达钱
f421bb08,简七理财
83268b9e,慧盈理财
1a2fda24,环信投资
6d28eab2,小猫来财
fd97f723,民蕴财富;翼龙贷;ppmoney
8a90c7b5,美人团
ea574e50,手机宝
9d507ec6,比特币
04592f7c,
735e1fea,
ed3a8a49,掌众金服
9a3dbadf,荔枝山庄
0334eb65,悦拜
7433dbf3,巨丰投顾
e48cc662,
938bf6f4,ubank钱包
6dcf529f,f1国际
1ac86209,
83c133b3,
f4c60325,特惠赚
6aa29686,
1da5a610,大姐花;大姐花app
84acf7aa,奥瑞国际
f3abc73c,昆仑国际
6314daad,小米有品
1413ea3b,soxex
74d463de,cptmarekts
03d35348,topbtc;topfund
9ada02f2,利合济民
eddd3264,
73b9a7c7,中国信托
04be9751,u聚宝
9db7c6eb,特惠赚
eab0f67d,小豹科技;梦想飞翔
7a0febec,巴特币
0d08db7a,宗客网
a4d4b2a0,笛派斯;jadeite
d3d38236,手机赚赚
4adad38c,琼华网
3ddde31a,
a3b976b9,奉恩之家
d4be462f,优;优信
4db71795,特惠赚
3ab02703,商房所
aa0f3a92,全网乐购
dd080a04,中盈律邦
bdcf83e1,艾尔链
cac8b377,filecoin
53c1e2cd,小米有品有鱼
24c6d25b,易宝支付
baa247f8,金猪管家
cda5776e,哔宝挖矿
54ac26d4,广州迪咔科技有限公司;迪咔商城
23ab1642,哈啰顺风车
b3140bd3,
c4133b45,地中海币
96e2d022,
e1e5e0b4,mcc
78ecb10e,瑞景之家
0feb8198,皇朝万鑫;广州华军合创公司
918f143b,长亚集团
e68824ad,夸克链信;链信
7f817517,香港盈富金汇集团;香
08864581,国盛金业
98395810,macfx麦汇
ef3e6886,gcb光彩币;莱汇币
8ff9e163,k
f8fed1f5,悦走越有
61f7804f,嘉实基金
16f0b0d9,otm奥美外汇
8894257a,畅由;畅由平
ff9315ec,小豹科技
669a4456,
119d74c0,gcb光彩币;亚欧币;五行币;万福
81226951,长征财富
f62559c7,youbank
c0b877a4,富喜智服投
b7bf4732,狗狗币
2eb61688,
59b1261e,亿久商城
c7d5b3bd,牛拜单车
b0d2832b,爱乐在线
29dbd291,微淘
5edce207,安利微购
ce63ff96,蓝晶社
b964cf00,酷骑单车
d9a346e5,expasset
aea47673,
37ad27c9,小齿轮
40aa175f,丰正金融
dece82fc,快鹿集团;快鹿
a9c9b26a,莱信
30c0e3d0,
47c7d346,大姐花
d778ced7,优梵暴富联盟
a07ffe41,鑫聚恒商贸有限公司;万商惠;深
f28e1526,a派空间
858925b0,ubank钱包
1c80740a,远大期货
6b87449c,bfs牛汇财富;bfs牛汇
f5e3d13f,网信普惠;邑嘉
82e4e1a9,创世银库
1bedb013,雷达币
6cea8085,智选天下
fc559d14,慧盈理财
8b52ad82,en
eb952467,
9c9214f1,人人优选
059b454b,天天赢;迎宝财富;银巴克
729c75dd,ukf期货
ecf8e07e,小豹科技;梦想飞翔
9bffd0e8,天天利财;多米金融
02f68152,fa
75f1b1c4,链
e54eac55,江苏百瑞赢
92499cc3,悟空钱包
6c0d38a8,蚌埠网盛供
1b0a083e,siexchange
82035984,ipfs&filecoin;filecoin
f5046912,锦欣生殖
6b60fcb1,万能宝
1c67cc27,中金摩根
856e9d9d,人人聚财
f269ad0b,快链星;币赢网;快链星球
62d6b09a,车享链
15d1800c,svsfx平;svsfx
751609e9,
0211397f,猎金集团
9b1868c5,
ec1f5853,omegagroup;欧米加集团
727bcdf0,广西凯降安宇矿业投资有限公司
057cfd66,和基外汇
9c75acdc,圣杯交易
eb729c4a,酒链世界
7bcd81db,
0ccab14d,国富通
a19ba425,
d69c94b3,小金袋
4f95c509,恒富;恒富（
3892f59f,轩鸿集团
a6f6603c,
d1f150aa,缔
48f80110,ctb外汇平台
3fff3186,比特派
af402c17,acy稀万证券
d8471c81,蓝枫林
b8809564,挖易;比特币
cf87a5f2,
568ef448,
2189c4de,比特币;币王
bfed517d,泰润生物科技;泰润生物
c8ea61eb,trademax
51e33051,
26e400c7,小鱼赚钱
b65b1d56,微淘
c15c2dc0,国际外盘期货远大期货
93adc6a7,北京蜗牛动力影视文化传播有限公司
e4aaf631,gc金融集团
7da3a78b,万顺叫车
0aa4971d,熊猫量化
94c002be,链信国际;链信
e3c73228,恩焙优品
7ace6392,chl诚汇国际
0dc95304,爱钱进
9d764e95,seafx外汇
ea717e03,piustoken钱包
8ab6f7e6,plustoken;火币
fdb1c770,礼赞商城
64b896ca,米袋理财
13bfa65c,森林宝
8ddb33ff,
fadc0369,途家自营;途家
63d552d3,葡萄助手
14d26245,
846d7fd4,
f36a4f42,
c5f76121,
b2f051b7,vkmall
2bf9000d,
5cfe309b,汇兴智业
c29aa538,雷昆投资
b59d95ae,币虎全球
2c94c414,eos钱包
5b93f482,趣投资
cb2ce913,zt交易;zt交易所;比特元
bc2bd985,联养链;uicc联养链
dcec5060,税易贷
abeb60f6,海;海尔金控
32e2314c,美物说
45e501da,金融互助
db819479,迅雷大数;迅雷;玩客币
ac86a4ef,军;亿久商城;军业新
358ff555,
4288c5c3,美物说
d237d852,南京宁聚信息技术有限公;招财蜂
a530e8c4,
f7c103a3,atfx
80c63335,cet以太云
19cf628f,牛多宝
6ec85219,钱包侠
f0acc7ba,微贷网;微易贷
87abf72c,以太森林
1ea2a696,万通融资
69a59600,河南经协供应链有限公司;秒钱理财
f91a8b91,19号谷仓
8e1dbb07,兴业数金
eeda32e2,拼;花;云集
99dd0274,维客特
00d453ce,特惠赚
77d36358,亦跑
e9b7f6fb,小马读财
9eb0c66d,睿新策略
07b997d7,
70bea741,中能国际
e001bad0,达世
97068a46,马克币
69422e2d,哆;皇朝万鑫;华军合创
1e451ebb,泰禾人寿;月月丰收2
874c4f01,熊猫量化
f04b7f97,陀螺世界;深
6e2fea34,焦作焕;易货
1928daa2,先汇国际
80218b18,日日赚
f726bb8e,
6799a61f,借易通
109e9689,银小花app
70591f6c,宏源国际
075e2ffa,
9e577e40,gaea反向
e9504ed6,小鸟发财
7734db75,中金亿信
0033ebe3,弘高融资租赁有限公司;弘高融资租赁
993aba59,清宴宝
ee3d8acf,福建凯裕建设有限公司
7e82975e,17b.io;比
0985a7c8,玉链;玉链挖矿
a059ce12,皇玛金融
d75efe84,伽满优;乾包网
4e57af3e,上海福袋汇
39509fa8,
a7340a0b,丽泽金融
d0333a9d,百
493a6b27,南京嘉脉网络科技有限公司;a派空间
3e3d5bb1,百合婚
ae824620,nordfx诺德;诺德外汇;nordfx诺德外汇
d98576b6,winbitex
b942ff53,艾斯国际
ce45cfc5,水象分期;水象金融
574c9e7f,众生策略
204baee9,链城亿购
be2f3b4a,
c9280bdc,
50215a66,小米有品;小米众筹
27266af0,西安金控
b7997761,svsfx
c09e47f7,钱包侠;缘起钱包
926fac90,呦蓝生物科技;呦蓝;呦
e5689c06,企叮咚
7c61cdbc,中盈财富管理有限公司;中盈财富
0b66fd2a,丰盛金融
95026889,ukf英国大
e205581f,哈希未来
7b0c09a5,gec环保币
0c0b3933,w
9cb424a2,生意宝
ebb31434,知一
8b749dd1,
fc73ad47,比特币
657afcfd,飞迟财富
127dcc6b,
8c1959c8,速想购
fb1e695e,惠己达人
621738e4,
15100872,igofx
85af15e3,v
f2a82575,sakim
c4350b16,
b3323b80,海尔游戏链
2a3b6a3a,
5d3c5aac,thedao
c358cf0f,guan网
b45fff99,
2d56ae23,
5a519eb5,trfx内蒙青山系统
caee8324,盈联影视
bde9b3b2,周转信箱
dd2e3a57,中融民信
aa290ac1,创收宝
33205b7b,ptfx普顿外汇;ptfx普顿
44276bed,百惠优美清货商城
da43fe4e,谱盛科技
ad44ced8,
344d9f62,恒富
434aaff4,大姐花
d3f5b265,芝麻分;纯芝麻分
a4f282f3,钱嗨娱乐
f6036994,江苏银德投资管理有限公司
81045902,光汇云油;汇油宝
180d08b8,高佣联盟
6f0a382e,
f16ead8d,佰益汇环球
86699d1b,瑞志企业管理有限公司
1f60cca1,
6867fc37,嘉实;嘉实基金
f8d8e1a6,
8fdfd130,aaig奥拓资本
ef1858d5,okfinecoin;嗨币网
981f6843,英皇宝微交易
011639f9,
7611096f,迷
e8759ccc,
9f72ac5a,
067bfde0,expasset
717ccd76,pulsemarket
e1c3d0e7,聚币盆理财;piexgo
96c4e071,钱香金融
6880441a,红岭创投
1f87748c,adcc
868e2536,
f18915a0,狗狗币;比特狗
6fed8003,乾联国际
18eab095,快鸟;快鸟贷款
81e3e12f,福亚全球
f6e4d1b9,奥美;grmfx外汇平台
665bcc28,忠汇国际贵金属公司
115cfcbe,云朵接码
719b755b,云南仓须商贸有限公司;礼品策商城;礼品策
069c45cd,dsc
9f951477,中投金汇;北京南海汇金资
e89224e1,
76f6b142,拍拍贷
01f181d4,鑫东投资
98f8d06e,聚宝汇
efffe0f8,逸富国际
7f40fd69,
0847cdff,
a21f704b,妙月百度;凤推传媒
d51840dd,plustoken
4c111167,
3b1621f1,管家帮
a572b452,皮城金融
d27584c4,菲特尔国际
4b7cd57e,芒果元宝
3c7be5e8,美逛
acc4f879,安歌矿场
dbc3c8ef,sero超零币
bb04410a,
cc03719c,雷达币
550a2026,
220d10b0,vkmall
bc698513,币果理财
cb6eb585,极客修
5267e43f,献金袋鼠
2560d4a9,阳光ai
b5dfc938,标荣集团
c2d8f9ae,请你贷;上海砚下金融信息服务有限公司
902912c9,
e72e225f,
7e2773e5,cfx圆汇外汇平台
09204373,比特猪;新金融
9744d6d0,
e043e646,
794ab7fc,trfx
0e4d876a,销巴集团
9ef29afb,广州天河区大象健康科技有限公司;健康猫
e9f5aa6d,ipfs
89322388,河南鑫语电子科技有限公司
fe35131e,弘华佛学院
673c42a4,
103b7232,
8e5fe791,
f958d707,吉丰财富管;吉丰金服
605186bd,云富反波胆
1756b62b,英皇集;中
87e9abba,华宝基金
f0ee9b2c,
c673b54f,
b17485d9,甘肃文交民萃中心
287dd463,高佣联盟
5f7ae4f5,趣码
c11e7156,乾;乾包网
b61941c0,菲
2f10107a,富格林
581720ec,华登区块狗;狗狗币
c8a83d7d,稀万外汇
bfaf0deb,
df68840e,正宇控股集团
a86fb498,智慧晶
3166e522,股亿讯
4661d5b4,承返;承返云支付
d8054017,比特币;安;币圈
af027081,广州鼎之富;牛多宝
360b213b,
410c11ad,随时约
d1b30c3c,奥瑞国际;聚点国
a6b43caa,
f445d7cd,艾拓思;外汇tv
8342e75b,
1a4bb6e1,福建省专业矿场;西瓜糊口
6d4c8677,浣熊理财;盛新财富
f32813d4,世舟之家
842f2342,乾包投资
1d2672f8,vkmall
6a21426e,aetos
fa9e5fff,趣味城堡;侠侣亲子游
8d996f69,小工匠
ed5ee68c,熊猫量化
9a59d61a,大姐花
035087a0,usg联准国际
7457b736,鸽派商城
ea332295,创客链
9d341203,以太坊;ubank钱包交易所
043d43b9,陀螺世界
733a732f,zt.com;zt
e3856ebe,维卡币
94825e28,上海盈首信息科技有限公司;盈首
6ac6fa43,时空周转
1dc1cad5,
84c89b6f,嘉实资本
f3cfabf9,特惠赚
6dab3e5a,华登区块狗;区块猫;莱特猫
1aac0ecc,新
83a55f76,顺支富;福满人家
f4a26fe0,soxex交易所
641d7271,比特币
131a42e7,瑞
73ddcb02,比特币
04dafb94,科呗;科呗链;科呗币
9dd3aa2e,qc商城
ead49ab8,启盈通
74b00f1b,全网乐购
03b73f8d,天天特价;小诸葛金服
9abe6e37,百益
edb95ea1,
7d064330,鼎诚创投
0a0173a6,atcapital;atfx
a3dd1a7c,辽宁锦鼎投资管理有限公司;辽宁鼎启鑫投资管理有限公司
d4da2aea,
4dd37b50,百瑞赢;信易赢
3ad44bc6,富宏国际
a4b0de65,
d3b7eef3,
4abebf49,福亚全球
3db98fdf,tigerwit
ad06924e,今日塑价
da01a2d8,山东必普;山东必普电
bac62b3d,ppmoney
cdc11bab,
54c84a11,fac时尚币
23cf7a87,
bdabef24,悦天使集团
caacdfb2,长城国兴金融租赁有限公;新华信托股份有限公司
53a58e08,
24a2be9e,
b41da30f,小赢科技;车邦贷
c31a9399,
91eb78fe,
e6ec4868,顺支富
7fe519d2,大智慧;新湖系;万
08e22944,
9686bce7,
e1818c71,众人帮
7888ddcb,fx110网
0f8fed5d,商鼎联创
9f30f0cc,虹奥财富
e837c05a,小米币
88f049bf,金盒子
fff77929,吉悠
66fe2893,皇玛金融
11f91805,ffx交易商
8f9d8da6,美美理财;美易理财;国美在线
f89abd30,瑞;瑞景
6193ec8a,钱宝
1694dc1c,小九花花
862bc18d,每日一淘
f12cf11b,
c7b1df78,中联亿配
b0b6efee,衫客
29bfbe54,币圈;币;比特币
5eb88ec2,香蕉浏览;葡萄浏览器;香蕉
c0dc1b61,天汇金融
b7db2bf7,ptfx普顿外汇
2ed27a4d,淘金网
59d54adb,弘山财富;宁
c96a574a,
be6d67dc,avatrade
deaaee39,全民理财
a9addeaf,香港英皇集团
30a48f15,
47a3bf83,ip;ipfs挖矿
d9c72a20,飞客在线
aec01ab6,
37c94b0c,鸿运信投
40ce7b9a,悦天使集团
d071660b,每日一淘
a776569d,seafx平
f587bdfa,云钱包
82808d6c,德孝企业;德孝中华
1b89dcd6,米房借条
6c8eec40,
f2ea79e3,奇弘集团
85ed4975,
1ce418cf,网易云信
6be32859,迅雷大数;迅雷
fb5c35c8,甩手赚;挂挂赚
8c5b055e,大通全球资本;大通全球
ec9c8cbb,
9b9bbc2d,文语影投
0292ed97,
7595dd01,波场超级社区
ebf148a2,
9cf67834,
05ff298e,德爱公司
72f81918,
e2470489,创客链
9540341f,agk金钥匙
6b049074,cqs外汇
1c03a0e2,聚利宝;牛牛通宝
850af158,比特币
f20dc1ce,盈易点;聚美商城
6c69546d,恩圣威
1b6e64fb,芒果口袋
82673541,利合济民
f56005d7,skycoin
65df1846,易到
12d828d0,福建元昇工程项目管理有限公司
721fa135,中瑞财讯
051891a3,南洋国际
9c11c019,
eb16f08f,加油宝
7572652c,gallantcapitalmarkets;sp
027555ba,exx
9b7c0400,恩圣威
ec7b3496,expasset
7cc42907,
0bc31991,
a8815d41,
df866dd7,比财
468f3c6d,越秀金控;越秀金融控股集团有限公司
31880cfb,比特币;比;w矿池
afec9958,
d8eba9ce,虹奥财富;虹金所;虹奥金融
41e2f874,阿拉丁矿币
36e5c8e2,okex
a65ad573,创客链
d15de5e5,玖富;悟空理财;玖富普惠;玖富钱包;玖富小金票
b19a6c00,
c69d5c96,
5f940d2c,万多福投资管理公司;万多福
28933dba,五六智库
b6f7a819,thecryptobank
c1f0988f,盈联影视
58f9c935,钱嗨娱乐
2ffef9a3,红锅巴;金鑫隆;红锅巴土豆
bf41e432,比特币
c846d4a4,泰润生物科技有限公司;泰润生物科技;泰润生物
9ab73fc3,icmarkets
edb00f55,英皇宝
74b95eef,艾特网能;黑牡丹;黑牡丹（
03be6e79,宿爱
9ddafbda,
eaddcb4c,前海途歌汽车租赁有限公司
73d49af6,领航国际资本
04d3aa60,
946cb7f1,风雨无忧;闪电借款
e36b8767,香港谷点国际期货
83ac0e82,小豹科技
f4ab3e14,youbank
6da26fae,花旗证券
1aa55f38,保诚国际
84c1ca9b,微多猫
f3c6fa0d,天裕泓盛
6acfabb7,国农科技;中科汇通（深圳）股权投资基金有限公司
1dc89b21,老虎外汇平台
8d7786b0,踏实赚;和信贷;鑫湘联
fa70b626,米宅米宅;米宅
cced9845,digifinex
bbeaa8d3,
22e3f969,文汇阁
55e4c9ff,东方红
cb805c5c,龙网
bc876cca,福袋汇业
258e3d70,oracle-fx
52890de6,亚元;mbi币
c2361077,火萤棋牌
b53120e1,
d5f6a904,mt4
a2f19992,牛牛通宝
3bf8c828,应用试客
4cfff8be,马克币
d29b6d1d,邦君悠购
a59c5d8b,广富宝;爱钱进;玖富
3c950c31,滴滴出行
4b923ca7,和信贷
db2d2136,
ac2a11a0,
fedbfac7,
89dcca51,诺亚财富
10d59beb,
67d2ab7d,诚;聚利众筹;聚汇天下;昌和财富;昌久财富;金豆包;昌;建
f9b63ede,比特币;币盛汇
8eb10e48,得能生物科技有限公司;得
17b85ff2,
60bf6f64,
f00072f5,亨达外汇
87074263,平安好房
e7c0cb86,iot;环球购
90c7fb10,菲慈在线;菲兹在线
09ceaaaa,尧锦智富
7ec99a3c,企航集
e0ad0f9f,创客链
97aa3f09,智多星;alb拆分盘
0ea36eb3,请你贷;上海砚下金融
79a45e25,纳斯国际;鑫汇国际
e91b43b4,e抵快贷
9e1c7322,好玩吧
6058d749,华夏云商
175fe7df,avatrade爱华
8e56b665,圣商财富
f95186f3,
67351350,比特币;莱特国际
103223c6,滴滴公
893b727c,八条鱼
fe3c42ea,呦蓝全网;呦蓝
6e835f7b,爱汇宝
19846fed,gogofx;西城威尔士外汇
7943e608,拓盈投资
0e44d69e,易港金融;爱贷网
974d8724,和基外汇
e04ab7b2,国远资产集团
7e2e2211,雷达币;雨兰雷达币
09291287,创盈金服
9020433d,
e72773ab,安惠;安惠生物科技;安惠生物
77986e3a,英皇宝
009f5eac,辰麟宝
a9433776,极客修
de4407e0,滴滴出行
474d565a,西部助贷网
304a66cc,巴蜀商品交易中心
ae2ef36f,多多进宝
d929c3f9,
40209243,通金所
3727a2d5,天河城投;天河城建;天河城建开发投资有限公司
a798bf44,借易通
d09f8fd2,侠侣联盟
b0580637,sfa超级理财;汉富瀚曦投资中心;sfa超级理财师;上海正气信息科技有限公司
c75f36a1,江苏百瑞赢
5e56671b,捷越联合
2951578d,奥弗国际;h
b735c22e,云联牧场
c032f2b8,hytfx
593ba302,天;天风;天风证券
2e3c9394,小豹科技
be838e05,蚂蚁矿机;蚂蚁矿池
c984be93,惠优贷
9b7555f4,
ec726562,腾达跟单;昆
757b34d8,
027c044e,币果理财
9c1891ed,积
eb1fa17b,中能国际
7216f0c1,7号网
0511c057,米多多
95aeddc6,金盒子
e2a9ed50,小桃微集
826e64b5,智慧晶
f5695423,matrixport
6c600599,金柚子
1b67350f,手机宝
8503a0ac,火萤棋牌
f204903a,首投理财
6b0dc180,禦和弘
1c0af116,亿米快递
8cb5ec87,汇管家
fbb2dc11,中国外汇交易中心;idealfx
cd2ff272,
ba28c2e4,玫琳凯
2321935e,以太森林
5426a3c8,和基外汇
ca42366b,afmfx外汇
bd4506fd,安利微购
244c5747,拍拍贷
534b67d1,
c3f47a40,
b4f34ad6,youbank
d434c333,极客修
a333f3a5,钱嗨娱乐
3a3aa21f,天鑫金融
4d3d9289,tradeweb
d359072a,镁
a45e37bc,马克币
3d576606,金融宝宝;佑米金融
4a505690,highwin凯源外汇
daef4b01,拖富链;tf;托富链
ade87b97,filecoin
ff1990f0,币;微云全球
881ea066,喜团
1117f1dc,
6610c14a,
f87454e9,深圳万多福投资管理公司
8f73647f,鑫时光
167a35c5,
617d0553,文汇阁
f1c218c2,滴滴出行
86c52854,
e602a1b1,西瓜生活
91059127,璀璨控股
080cc09d,vkmall
7f0bf00b,联璧金融;雅堂金融
e16f65a8,
9668553e,杨方股票;杨方股票配资
0f610484,
78663412,
e8d92983,中金亿信
9fde1915,冠联投资家园
619abd7e,销;销巴生活
169d8de8,维客特
8f94dc52,
f893ecc4,福建冠海海运有限公司
66f77967,雷达币
11f049f1,锐达）
88f9184b,温商贷;金贝贝;车丰汇
fffe28dd,趣渔乐
6f41354c,
184605da,分秒金融;金殿环球金融投资集团
78818c3f,闪修侠;极客修
0f86bca9,火趣
968fed13,火趣小视频;火趣
e188dd85,rdcfx
7fec4826,整存宝;和信贷
08eb78b0,悦享京彩
91e2290a,兴业数金
e6e5199c,链塔科技;链塔
765a040d,国鑫汇国际娱乐会所
015d349b,陆金所
1e2e6b9c,惠富天下
69295b0a,万能宝
f0200ab0,众盈
87273a26,
1943af85,瓜分宝
6e449f13,哈希世界;has;哈希宝藏
f74dcea9,
804afe3f,
10f5e3ae,斐;九药网
67f2d338,万汇金宝
07355add,
70326a4b,longasiacapital;长亚资本;longasiagroup
e93b3bf1,蚂蚁矿池
9e3c0b67,中盈晟投资
00589ec4,瑞波币;瑞波xrp;瑞波;瑞波银
775fae52,房抵贷
ee56ffe8,礼赞商城
9951cf7e,远大期货
09eed2ef,熊猫量化交易
7ee9e279,
2c18091e,
5b1f3988,ptfx
c2166832,
b51158a4,江苏百瑞赢
2b75cd07,奉恩之家
5c72fd91,火币
c57bac2b,尊享庄园
b27c9cbd,newpos
22c3812c,奥美外汇
55c4b1ba,
3503385f,创世银库
420408c9,bosstoken;bosstoken钱包
db0d5973,aetos全球资
ac0a69e5,
326efc46,鸽派商城
4569ccd0,喜团
dc609d6a,加油宝
ab67adfc,投金宝;国美在线;国美
3bd8b06d,mgk平台
4cdf80fb,万能宝
7a42ae98,英皇宝
0d459e0e,存德投资;存德
944ccfb4,比特币;币圈橘子;币圈橘
e34bff22,荔枝口袋
7d2f6a81,ppmoney网贷
0a285a17,中盈晟投资
93210bad,善贷平;善贷
e4263b3b,链克
749926aa,oranflag
039e163c,雨果网
63599fd9,京东酷卖;京
145eaf4f,福建冠海海运
8d57fef5,万多福;万多福投资有限公司
fa50ce63,红豆卡
64345bc0,
13336b56,谋成创汇
8a3a3aec,
fd3d0a7a,
6d8217eb,金帛投资;becho
1a85277d,江苏百瑞赢
4874cc1a,黄金宝
3f73fc8c,钱来也
a67aad36,海银金融
d17d9da0,秒钱;秒钱理财
4f190803,vkmall
381e3895,虎币网;hubi（虎币网;hubi
a117692f,九鼎集团
d61059b9,比特币;okcoin币行
46af4428,领奇财富;仁远资本;融信资本
31a874be,
516ffd5b,鲸灵集团;甩甩宝宝
2668cdcd,佰盈富信财富;富管家
bf619c77,全球购
c866ace1,金富国际金融外汇平台
56023942,eurusd欧美
210509d4,金;91金融;金融谷;金融
b80c586e,斯盛能;斯盛新能源
cf0b68f8,
5fb47569,币创交易所
28b345ff,中聚明投
d6f7e194,车邦贷
a1f0d102,金源财富
38f980b8,金元卡
4ffeb02e,大众分期
d19a258d,黑蚂蚁管家
a69d151b,
3f9444a1,远特喜牛
48937437,信;信而优
d82c69a6,雪
af2b5930,7号网
cfecd0d5,小米有品;小米众筹
b8ebe043,
21e2b1f9,手机宝
56e5816f,比特大陆
c88114cc,
bf86245a,福瑞斯;福瑞斯金融forexclub
268f75e0,宾阳安宁;凯降安宇矿山企业股份有限公司
51884576,fto币
c13758e7,哈啰顺风车
b6306871,sky蓝天国际
1fec01ab,软银支付
68eb313d,弗佑网络科技有限公司;福亚全球
f1e26087,fac时尚链
86e55011,惠己达人app
1881c5b2,比特币;雷达
6f86f524,蓝晶社
f68fa49e,华盛资本
81889408,英皇集团
11378999,汇信天下
6630b90f,酷盈网;车丰汇
06f730ea,速达国际
71f0007c,天汇金融
e8f951c6,
9ffe6150,
019af4f3,比特币;mt
769dc465,
ef9495df,jojomarkets
9893a549,互助平台;互助
082cb8d8,天泽环球有限公司
7f2b884e,金桔宝
2dda6329,神州专车
5add53bf,远特喜牛
c3d40205,pofx
b4d33293,全球看点
2ab7a730,广州开发区金融控股集团有限公司
5db097a6,科呗;科呗币
c4b9c61c,盈联影视
b3bef68a,赚赚;手机赚赚;赚赚兼
2301eb1b,
5406db8d,
34c15268,海南文昌建筑公司
43c662fe,同创期权
dacf3344,
adc803d2,嗨团
33ac9671,保德薪
44aba6e7,
dda2f75d,琼华网
aaa5c7cb,
3a1ada5a,口袋理财
4d1deacc,百狐网;百狐商城
7b80c4af,优尚乐购;全程;优尚生活
0c87f439,有品有鱼;小米有品有鱼
958ea583,中德海投资;中德海投资管理有限公司;中德海投资管理
e2899515,高佣联盟
7ced00b6,
0bea3020,expasset
92e3619a,比特币;多拉币
e5e4510c,衫客定;衫客;衫客定制
755b4c9d,
025c7c0b,立刷
629bf5ee,芒果口袋
159cc578,
8c9594c2,
fb92a454,小红淘
65f631f7,韦业道
12f10161,afxgc外汇平台
8bf850db,烯谷集团
fcff604d,币安;币
6c407ddc,景林资本
1b474d4a,锦欣生殖
49b6a62d,gtfx黄金外汇
3eb196bb,
a7b8c701,玖富;融牛在线
d0bff797,聚汇天下
4edb6234,
39dc52a2,澳大利亚trade公司
a0d50318,魔幻宝石屋
d7d2338e,
476d2e1f,中钰资本;金字火腿
306a1e89,天启说
50ad976c,
27aaa7fa,币果理财;bitmex
bea3f640,fnwlw
c9a4c6d6,亦跑
57c05375,
20c763e3,abcc
b9ce3259,mgk平台
cec902cf,鲁多多
5e761f5e,鼎;宏源国际;天裕泓盛
29712fc8,vv农场
d7358ba3,比特币;plustoken
a032bb35,金谷影视
393bea8f,向上金服
4e3cda19,有信钱包
d0584fba,景鸿;景;景鸿集团
a75f7f2c,
3e562e96,手机宝
49511e00,手机宝
d9ee0391,萌萌牛330农场;萌萌牛牧场;萌萌牛农场
aee93307,现金借款
ce2ebae2,wpay钱包
b9298a74,evi易汇环球发展集
2020dbce,佰益汇环球
5727eb58,优拜单车
c9437efb,
be444e6d,mt.gox
274d1fd7,客天下;客福天下
504a2f41,
c0f532d0,
b7f20246,blizzardchallenge
1daabff2,口袋贵金属
6aad8f64,闪电鸡
f3a4dede,比特币;吉泰商城
84a3ee48,8戒有财;五星财富;钱盆网
1ac77beb,
6dc04b7d,嘉合;嘉合基金
f4c91ac7,保德薪
83ce2a51,挂挂赚
137137c0,okgex数字资产交易所
64760756,香港远大期货
04b18eb3,优可生活
73b6be25,vkmall
eabfef9f,亿米商城
9db8df09,gate.ios
03dc4aaa,拉勾农场;88农场
74db7a3c,zt.com;zt交易所
edd22b86,瑞景之家
9ad51b10,龙虾发财
0a6a0681,
7d6d3617,wistonfx威石
2f9cdd70,乾盛国际
589bede6,
c192bc5c,普信金服
b6958cca,易到
28f11969,闪电鸡
5ff629ff,创客链
c6ff7845,高胜投资
b1f848d3,远特时空
21475542,dme鸿汇国际
564065d4,奇弘集团;奇弘云
3687ec31,善贷;善贷网
4180dca7,蜜蜂有钱
d8898d1d,托富链挖矿;托富链
af8ebd8b,荣耀配资
31ea2828,贸易金融
46ed18be,hadax
dfe44904,嗨团;嗨团团购
a8e37992,bakkt
385c6403,以太坊
4f5b5495,bafeex交易所;bafe;bafeex
79c67af6,
0ec14a60,futurenet未来网
97c81bda,臻牛所配资
e0cf2b4c,安邦保险;安邦
7eabbeef,
09ac8e79,
90a5dfc3,跑分
e7a2ef55,博美;bmfn博美
771df2c4,
001ac252,销巴生活
60dd4bb7,gojoy商城
17da7b21,乐发传媒
8ed32a9b,牛钱网
f9d41a0d,
67b08fae,微多猫
10b7bf38,
89beee82,中潮金服
feb9de14,mgctoken
6e06c385,比特币;abcc交易所
1901f313,
4bf01874,youbank
3cf728e2,云尊集团;云尊
a5fe7958,实德金融集团;实德环球金业
d2f949ce,创盈金服
4c9ddc6d,
3b9aecfb,
a293bd41,钱程策略
d5948dd7,fct领先外汇;领先外汇
452b9046,米奥alpha
322ca0d0,vkmall
52eb2935,融贝网
25ec19a3,小米机器人
bce54819,北大青鸟金融
cbe2788f,u币贷;youbank
5586ed2c,深圳市君如资产管理顾问有限公司;深;君如资产
2281ddba,众达国际
bb888c00,文汇阁外汇
cc8fbc96,
5c30a107,太平悦享
2b379191,以太坊
d57335fa,
a274056c,小米有品
3b7d54d6,小赢科技;车邦贷
4c7a6440,诺德基金
d21ef1e3,
a519c175,
3c1090cf,
4b17a059,萨美味牛排杯
dba8bdc8,智选天下
acaf8d5e,平安好房
cc6804bb,速;速想购
bb6f342d,
22666597,金蛋理财
55615501,
cb05c0a2,睿新策略
bc02f034,邻趣;华声在线
250ba18e,币虎全球交
520c9118,债易还
c2b38c89,广州天河区大象健康科技有限公司;健康猫
b5b4bc1f,安盛保险;香
1c68d5c5,有品有鱼;小米有品有鱼;有
6b6fe553,火币
f266b4e9,
8561847f,锦浪科技;瞄股网
1b0511dc,中恒策略
6c02214a,litex商城;火币
f50b70f0,比特币;币币交易
820c4066,唐卡理财
12b35df7,宗客网
65b46d61,企叮咚
0573e484,瑞波币;lbx
7274d412,汇新智
eb7d85a8,fxsol环球金汇投资
9c7ab53e,番呗商城
021e209d,afmfx平台
7519100b,
ec1041b1,芝麻分;招联好期贷
9b177127,钱宝科技
0ba86cb6,mgk;mgk平台
7caf5c20,靠谱鸟
2e5eb747,
595987d1,常;常德市立信投资管理有限公司
c050d66b,融易帮帮
b757e6fd,杨方股票
2933735e,globalspot
5e3443c8,荣耀配资
c73d1272,普资金服
b03a22e4,西安千策投资管;西安尚久贸易有限公司
20853f75,比;v
57820fe3,安惠
37458606,臻金;臻金zengold
4042b690,e抵快贷
d94be72a,春鸿果业
ae4cd7bc,小龟软件;小龟
3028421f,
472f7289,afmfx
de262333,17b.io
a92113a5,果拾金融;好会理财;车丰汇
399e0e34,
4e993ea2,中德海
780410c1,赞播优鲜
0f032057,avatrade;avatrade爱华
960a71ed,fxopen
e10d417b,
7f69d4d8,比特币
086ee44e,以太坊;艾特链;趣步
9167b5f4,甩手赚
e6608562,聚宝汇
76df98f3,闪步;闪步网络科技有限公司
01d8a865,秦川策略
611f2180,米奇生活;米奇
16181116,银盛集团
8f1140ac,融易资讯网
f816703a,羊毛学堂
6672e599,平安普惠
1175d50f,恒安嘉新
887c84b5,钱嗨娱乐
ff7bb423,奇牛国际
6fc4a9b2,易到
18c39924,漂亮50
4a327243,
3d3542d5,
a43c136f,
d33b23f9,北京红杉壹本投资有限公司
4d5fb65a,人人贷
3a5886cc,apj集团
a351d776,荣盛商务
d456e7e0,
44e9fa71,秒钱;秒钱理财
33eecae7,光大信托
53294302,sky云世纪
242e7394,外
bd27222e,mt.gox;mtgox
ca2012b8,米缸金融;天安财险
5444871b,
2343b78d,
ba4ae637,陕西红杉投资管理有限公司;红杉财富
cd4dd6a1,金柚子app
5df2cb30,中元天颐
2af5fba6,惠富天下
d4b15fcd,小猫来财
a3b66f5b,火星传媒
3abf3ee1,猫星人;猫星人软件
4db80e77,
d3dc9bd4,3mmm金融互助平台;mmm金融互助平台
a4dbab42,董事惠
3dd2faf8,聚汇天下;海达华创
4ad5ca6e,ogh平
da6ad7ff,比特币
ad6de769,云付通;云联惠;云集品
cdaa6e8c,
baad5e1a,亿品赞
23a40fa0,邦富在线
54a33f36,清宴宝
cac7aa95,笛派斯;环球金融
bdc09a03,高朋金融
24c9cbb9,金福财富;大圣理财
53cefb2f,ades2018
c371e6be,艾特网
b476d628,跑分
1927c340,合欣国际
6e20f3d6,理想家园lx商城互助;金融互助
f729a26c,apj集团
802e92fa,中融民信
1e4a0759,以太坊
694d37cf,创投大师
f0446675,fxcm
874356e3,保诚国际
17fc4b72,宜人贷
60fb7be4,
003cf201,诺德基金
773bc297,okex;火币网
ee32932d,英皇金融
9935a3bb,融信网;车邦贷
07513618,闻
7056068e,狗狗币
e95f5734,
9e5867a2,钱嗨娱乐
0ee77a33,熊猫
79e04aa5,跑路智能猫;跑路逗趣;比特币;跑路;跑路逗趣微视;方正控股
2b11a1c2,
5c169154,盐津铺子
c51fc0ee,巨丰投顾
b218f078,artistshare
2c7c65db,coincola
5b7b554d,金信信
c27204f7,expasset
b5753461,万权创服
25ca29f0,飞迟财富
52cd1966,小兔救急
320a9083,
450da015,牛拜单车
dc04f1af,恩焙优品
ab03c139,藤蔓资产
3567549a,恩圣威平台
4260640c,
db6935b6,沃客生活国际集团
ac6e0520,远大期货;外盘期货
3cd118b1,
4bd62827,立刷
7d4b0644,etoro;e投睿
0a4c36d2,
93456768,
e44257fe,超级人脉
7a26c25d,云达互助
0d21f2cb,
9428a371,普信金服
e32f93e7,
73908e76,
0497bee0,瑞波币;雷达币
64503705,支付宝微信跑分;支付宝跑分
13570793,全网乐购
8a5e5629,献金袋鼠
fd5966bf,友信一生;友信
633df31c,
143ac38a,微淘;微
8d339230,
fa34a2a6,鑫隆创投;17来财
6a8bbf37,南;弘毅信投;弘基金融
1d8c8fa1,欧迈集团
4f7d64c6,先汇国际
387a5450,地中海币
a17305ea,理财范
d674357c,誉鑫国际
4810a0df,北京红杉壹本投资有限公司
3f179049,taobi.top;淘币网;taobi
a61ec1f3,ukf
d119f165,
41a6ecf4,环球金汇网
36a1dc62,
56665587,bfs牛汇平台;bfs牛汇;牛汇
21616511,慧盈理财
b86834ab,秦川策略
cf6f043d,
510b919e,恒信环球投资;恒信富通投资;恒信集团;恒信国际
260ca108,
bf05f0b2,硕威投资
c802c024,河南南阳大宗商品;河
58bdddb5,盖娅链
2fbaed23,香港谷点国际期货
d1fe4948,创客链
a6f979de,小龟软件;小龟
3ff02864,诺德基金
48f718f2,捷越联合;向前金服
d6938d51,嘉银金科;你我贷
a194bdc7,皇御环球
389dec7d,福袋汇业
4f9adceb,
df25c17a,bitdata
a822f1ec,
c8e57809,百益策略
bfe2489f,养鹿啦
26eb1925,芒果元宝
51ec29b3,万通融资
cf88bc10,智慧晶
b88f8c86,
2186dd3c,链信国际;链信
5681edaa,中瑞财讯
c63ef03b,
b139c0ad,众生策略
18e5a977,
6fe299e1,恋指团
f6ebc85b,
81ecf8cd,富管家
1f886d6e,
688f5df8,淘优乐
f1860c42,乐先花
86813cd4,闪步
163e2145,
613911d3,福音短视频
01fe9836,tigerwit
76f9a8a0,九霄商城
eff0f91a,季翁岭财富平台;季翁岭财富
98f7c98c,
06935c2f,zt.com
71946cb9,中天城投;中天金融
e89d3d03,金殿环球金融投资集团;金殿环球
9f9a0d95,嗨团
0f251004,coinbkb;coinbkb交易所
78222092,百利汇
2ad3cbf5,联合币
5dd4fb63,
c4ddaad9,标荣集团
b3da9a4f,海银会
2dbe0fec,algorand
5ab93f7a,赶街
c3b06ec0,洛安期货
b4b75e56,恩圣威
240843c7,天启社区
530f7351,清宴宝
33c8fab4,熊猫量化
44cfca22,波场币钱;波场币
ddc69b98,北京金砖国际控股集团有限公司;金盈所;掌悦理财
aac1ab0e,全球看点
34a53ead,欧特币
43a20e3b,天心禅;崛起金融
daab5f81,凤凰金融
adac6f17,汉富资本
3d137286,
4a144210,小油菜p2p;小油菜;唯存信理财;国泰天拓资产管理有限
7c896c73,matrixport
0b8e5ce5,和基外汇;和
92870d5f,恒兴国际;香港富盈
e5803dc9,万政全民
7be4a86a,币天下
0ce398fc,德邦基业;德邦
95eac946,先汇国际
e2edf9d0,创客链
7252e441,
0555d4d7,youbank
65925d32,
12956da4,上海顺骑共享科技有限公司
8b9c3c1e,忠汇国际
fc9b0c88,速通宝
62ff992b,中瑞财讯
15f8a9bd,北京捷越联合
8cf1f807,
fbf6c891,浩沙健身;酷骑单车
6b49d500,未来集市
1c4ee596,husdtoken;火币钱包;火币
4ebf0ef1,手机赚赚
39b83e67,高朋金融
a0b16fdd,sakim外汇平台
d7b65f4b,点点下
49d2cae8,
3ed5fa7e,gec环保币;gec
a7dcabc4,摩根资产;上投摩根
d0db9b52,kcb
406486c3,北京中泽鑫盛投资有限公司;车邦贷;小赢科技;萌橙理财
3763b655,
57a43fb0,江苏天鼎投资咨询有限公司
20a30f26,利辉乾财富
b9aa5e9c,保尊宝
cead6e0a,
50c9fba9,世纪金业
27cecb3f,锦欣生殖
bec79a85,
c9c0aa13,亚泰坊
597fb782,北京中泽鑫盛投资有限公司;小赢科技;车邦贷
2e788714,欧特币
d03c237f,龙腾盛世;龙
a73b13e9,鼎诚创投
3e324253,jpm.cn
493572c5,闪步
d751e766,
a056d7f0,小凡人;小
395f864a,汇联智投
4e58b6dc,优卡优享财富
dee7ab4d,伟创国际
a9e09bdb,mgk
c927123e,
be2022a8,太阳神
27297312,汇新智配资
502e4384,移远通信
ce4ad627,远大期货
b94de6b1,
2044b70b,
5743879d,baihuaglobal;百华环球
c7fc9a0c,杨方配资
b0fbaa9a,粉象生活;粉像生活
1aa3172e,
6da427b8,东恒国际;金仕达商务咨询有限公司
f4ad7602,greatprofitgloballimited平台
83aa4694,
1dced337,ufo链
6ac9e3a1,智慧晶
f3c0b21b,di四方代付
84c7828d,
14789f1c,银果
637faf8a,吉林鼎邦集团
03b8266f,thecryptobank;thecryptobank加密
74bf16f9,淘宝客
edb64743,
9ab177d5,辉立国际
04d5e276,玩客币
73d2d2e0,喵赞app;喵赞
eadb835a,昶昱黄金制品;国民金库;昶昱黄金
9ddcb3cc,呦蓝
0d63ae5d,爆品汇
7a649ecb,otm奥美外汇
289575ac,活曼特
5f92453a,
c69b1480,百川理财币
b19c2416,安徽仲锐投资有限公司;福亚全球
2ff8b1b5,创享汇达传
58ff8123,小马读财
c1f6d099,etfx外汇4
b6f1e00f,igofx;ea智能交易
264efd9e,
5149cd08,youbank
318e44ed,舜宇光学科技
4689747b,清果金融;清果普惠
df8025c1,17b.io
a8871557,壹彤地产;居泽地产
36e380f4,联贝德
41e4b062,火萤棋牌
d8ede1d8,币看;币看平
afead14e,聚爱财
3f55ccdf,
4852fc49,
7ecfd22a,fxopen
09c8e2bc,agk交易平台;agk拆分盘;agk金钥匙
90c1b306,皇玛金融
e7c68390,先汇国际
79a21633,春鸿果业
0ea526a5,逗趣微视;榴莲微视
97ac771f,
e0ab4789,泰濠银汇
70145a18,比特币;雷达币
07136a8e,
67d4e36b,呼;呼呼出行
10d3d3fd,存德投资;存德
89da8247,全球看点
feddb2d1,乾润华创
60b92772,
17be17e4,天涯积分;天涯
8eb7465e,
f9b076c8,中鼎国服
690f6b59,悟空理财;玖富数科;玖富云
1e085bcf,川商联宗
4cf9b0a8,战狼3
3bfe803e,英;保诚;保诚国际
a2f7d184,世联资产;百川币
d5f0e112,金汇泰;胜威国际;南京钱宝网
4b9474b1,
3c934427,
a59a159d,雷电速贷
d29d250b,派派猪理财
4222389a,万多福;万多福理财
3525080c,融成保理;济南融成商业保理有限公司;融成商业保理
55e281e9,恒富
22e5b17f,
bbece0c5,百倍星球
ccebd053,嘉盛外汇平台
528f45f0,创客链
25887566,winbitex
bc8124dc,
cb86144a,惠富天下
5b3909db,美人团
2c3e394d,
d27a9d26,
a57dadb0,al;algorand
3c74fc0a,alb拆分盘
4b73cc9c,民信幸福投资基金管理（
d517593f,汇管家;onerway全球支付
a21069a9,布尔金融
3b193813,oppor17pro
4c1e0885,牧宝理财
dca11514,华润置地
aba62582,比特币
cb61ac67,
bc669cf1,维客特
256fcd4b,金瑞财富;点融网
5268fddd,youbk集团
cc0c687e,
bb0b58e8,团贷网;霸屏天下
22020952,鑫汇影城
550539c4,
c5ba2455,btgs币;比特狗;ton币;bos国际理财;趣步
b2bd14c3,霍特币
1b617d19,维客特
6c664d8f,众享比特
f56f1c35,mchain
82682ca3,金;mmm金融互助;金融;mmm金融互助平台
1c0cb900,比特币;吉泰商城;金牛鑫
6b0b8996,
f202d82c,blizzardchallenge;科大讯飞
8505e8ba,赞播优鲜
15baf52b,pp2p秒钱理财掌柜
62bdc5bd,保诚国际
027a4c58,昆山摩尔投资管理有限公司;资科财富
757d7cce,币达;币达财富
ec742d74,优可生活
9b731de2,豹付;豹付钱包
05178841,融牛在线
7210b8d7,
eb19e96d,企鹅联萌
9c1ed9fb,广西凯降安宇企业股份有限公司;宾阳安
0ca1c46a,huaweipay
7ba6f4fc,老虎外汇
29571f9b,鼎诚创投
5e502f0d,米缸金融;天安财险
c7597eb7,aet外汇
b05e4e21,甬e贷
2e3adb82,维客特
593deb14,普信
c034baae,微云;微云全球
b7338a38,唐卡全球公盘;全
278c97a9,宝富国际
508ba73f,大姐花
304c2eda,闻喜配资
474b1e4c,中聚明投管理中心
de424ff6,文语影投
a9457f60,美酷;美酷家
3721eac3,
4026da55,西域网;深圳[UNK]森诚网络科技有限公司
d92f8bef,鑫汇环球
ae28bb79,保德薪
3e97a6e8,昔阳趣;昔阳微生活
4990967e,优可生活
7f0db81d,
080a888b,
9103d931,
e604e9a7,
78607c04,恒通大宗
0f674c92,淘优乐
966e1d28,
e1692dbe,黔中生态茶交易中心有限公;黔中生态茶交易中心有限公司;贵
71d6302f,
06d100b9,德众金融
6616895c,
1111b9ca,ptfx普顿;普顿ptfx;pt;ptfx
8818e870,聚胜财富
ff1fd8e6,黄金钱包;黄金
617b4d45,钱香金融
167c7dd3,智慧晶
8f752c69,火萤棋牌
f8721cff,壹彤地产;壹彤集
68cd016e,西安金控
1fca31f8,coinbkb交易所
4d3bda9f,客天下;客福天下
3a3cea09,小桃微集
a335bbb3,
d4328b25,海贝国际
4a561e86,soxex;so
3d512e10,朵拉;朵拉试衣间;朵宝
a4587faa,
d35f4f3c,i云保
43e052ad,天裕泓盛
34e7623b,藤蔓金融
5420ebde,youbank
2327db48,请你贷;上海砚下金融
ba2e8af2,
cd29ba64,维客特
534d2fc7,趣渔乐
244a1f51,钻石分期
bd434eeb,腾邦现货
ca447e7d,利合济民
5afb63ec,领秀国际
2dfc537a,易启赚
d3b8f711,恩圣威
a4bfc787,以太树;以太森林;以太商城;蚂蚁森林
3db6963d,悟空理财;玖富;玖富集
4ab1a6ab,黑龙江天宸投资有限公司
d4d53308,
a3d2039e,比特狗
3adb5224,奥美;奥美信托
4ddc62b2,众人帮;赏多宝
dd637f23,澳洲aetos公司
aa644fb5,行云运动
caa3c650,
bda4f6c6,vkmall
24ada77c,红果子庄园
53aa97ea,币虎全球交易
cdce0249,agk理财
bac932df,万政全民
23c06365,车享链
54c753f3,川泽;川泽外汇;上海川泽投资咨询有限公司
c4784e62,海贝国际
b37f7ef4,福建元昇工程项目管理有限公司
103d3a24,
673a0ab2,如意宝
fe335b08,福星新材料
89346b9e,蹦蹦网
1750fe3d,
6057ceab,神州专车
f95e9f11,高朋金融
8e59af87,卡盟v金服;卡盟金服
1ee6b216,
69e18280,ffx黄金外汇平台
09260b65,现金借款;现;洋钱罐
7e213bf3,深圳前海裕伦保理公司
e7286a49,创客链
902f5adf,aiaforex;fswq958
0e4bcf7c,
794cffea,小鹿在奔跑;泛亚交;小
e045ae50,
97429ec6,特惠赚
07fd8357,聚电智能科技;聚电智能
70fab3c1,云南仓须商贸有限公司;礼品策
220b58a6,车享链
550c6830,艾特链;战狼
cc05398a,coinbig交易平;coinbig;coinbig交易
bb02091c,通金所
25669cbf,德融财富
5261ac29,素店;妮素国际
cb68fd93,xth信;silversea;米宅龙湖集团;汇
bc6fcd05,anxonomy
2cd0d094,
5bd7e002,鑫聚天利
3b1069e7,爱
4c175971,金色木棉;*st德奥
d51e08cb,榴莲微视
a219385d,巨潮金融
3c7dadfe,艾拓思外汇平台
4b7a9d68,
d273ccd2,hfnex
a574fc44,素店
35cbe1d5,朵拉
42ccd143,交易通
7451ff20,
0356cfb6,
9a5f9e0c,agk理财
ed58ae9a,
733c3b39,嘉联
043b0baf,
9d325a15,房抵贷
ea356a83,财富牧场
7a8a7712,becho
0d8d4784,献金袋鼠
6d4ace61,捷越联合
1a4dfef7,金柚子
8344af4d,丰盛金融投资;丰盛金融投资有限公司
f4439fdb,重庆三峡担;石柱怡豪商业经营管理公司
6a270a78,
1d203aee,
84296b54,神州专车
f32e5bc2,
63914653,东兴金服
149676c5,
46679da2,sakim
3160ad34,
a869fc8e,汇盈通
df6ecc18,俞丰财富
410a59bb,
360d692d,
af043897,可信贷
d8030801,维客特
48bc1590,腾辉新能源;盈牧资本;聚利宝;霖欣资本
3fbb2506,微推推
5f7cace3,紫景鼎智慧消费;紫景鼎网络科技有限公司;紫景鼎
287b9c75,
b172cdcf,惠己达人
c675fd59,futurenet未来网
581168fa,
2f16586c,享车app;享车
b61f09d6,
c1183940,汇新智配资;汇新智科技有限
51a724d1,unwallet;unwallet钱包
26a01447,创鑫钱包;星通宝;星支付
d8e4b02c,标荣集团
afe380ba,trfx理财
36ead100,
41ede196,龙爱量子;龙爱
df897435,淘乐惠
a88e44a3,羊毛帝
31871519,亦跑;亦粉专享;亦跑商城
4680258f,首汽约车
d63f381e,
a1380888,
c1ff816d,zb香港交易平;zbhk;zb香港交易
b6f8b1fb,
2ff1e041,
58f6d0d7,
c6924574,小龟软件;小龟
b19575e2,
289c2458,全民推广圈;全民推
5f9b14ce,
cf24095f,天裕泓盛
b82339c9,tradeviewmarkets
11ff5013,
66f86085,水瑶黎在线
fff1313f,逸富国际期货
88f601a9,同创期权
1692940a,华夏云商
6195a49c,陕西红杉投资管理有限公司;红杉财富
f89cf526,优品潮商贸
8f9bc5b0,筑家在线
1f24d821,cmb
6823e8b7,图腾贷
08e46152,诺德基金
7fe351c4,钱来也网贷
e6ea007e,欧特币
91ed30e8,
0f89a54b,艾诺外汇;艾诺平台
788e95dd,月;泰禾人寿;月月丰收
e187c467,爱善贷
9680f4f1,花生米富
063fe960,生意宝
7138d9f6,youbank
23c93291,两橙科技;上海造艺网络技术有限公司;跃吉科技;造艺科技
54ce0207,中国东方资本投资集团;深圳市老虎汇资产管理有限公司
cdc753bd,富管家
bac0632b,辣妈总管
24a4f688,imcash
53a3c61e,小象金融
caaa97a4,
bdada732,粉涩商城
2d12baa3,帮芒拼互联网有限公司;帮芒拼科技有限公司
5a158a35,hyperpay钱包;币增宝;hyper
3ad203d0,盐津铺子
4dd53346,大姐花
d4dc62fc,德邦股份
a3db526a,u聚宝
3dbfc7c9,普顿外汇;普顿
4ab8f75f,现金借款
d3b1a6e5,泰瑞币;泰瑞币tera
a4b69673,秒钱理财
34098be2,蚂蚁矿池;citex
430ebb74,番呗商城
75939517,moslottery
0294a581,亚泰坊
9b9df43b,横琴新区稀贵交易中心有限公司
ec9ac4ad,粉象生活;粉像生活
72fe510e,天心禅;崛起金融
05f96198,卡盟金服
9cf03022,大众分期
ebf700b4,首投理财
7b481d25,
0c4f2db3,长征财富
6c88a456,
1b8f94c0,信之助;蚂蚁窝
8286c57a,点点啦;全返
f581f5ec,mgctoken
6be5604f,gkfx
1ce250d9,
85eb0163,artistshare
f2ec31f5,原子币;fa
62532c64,
15541cf2,金中宝
47a5f795,工资管家
30a2c703,瑞景之家
a9ab96b9,bosstoken
deaca62f,天河城投;天河城建;天河城建开发投资有限公司
40c8338c,琼华网
37cf031a,
aec652a0,伊思多尔
d9c16236,
497e7fa7,
3e794f31,玩客云;玩客币
5ebec6d4,享链
29b9f642,钱宝网;e租宝
b0b0a7f8,小鸣单车;酷骑单车;卡;悟空单车
c7b7976e,
59d302cd,广信贷
2ed4325b,
b7dd63e1,币安
c0da5377,币安;抹茶交易所
50654ee6,
27627e70,嘉盛外汇
d926da1b,比特币;比
ae21ea8d,先汇国际
3728bb37,
402f8ba1,
de4b1e02,请你贷;上海砚下金融信息服务有限公司
a94c2e94,mgctoken
30457f2e,
47424fb8,otm奥美外汇
d7fd5229,粉涩
a0fa62bf,太空链;okex;英雄链
c03deb5a,亚斯特理财
b73adbcc,众达国际
2e338a76,
5934bae0,甘肃文交民萃中心
c7502f43,
b0571fd5,
295e4e6f,供
5e597ef9,河南鑫语电子科技有限公司
cee66368,飞客在线
b9e153fe,鼎诚创投
83f95325,
f4fe63b3,sakim
6df73209,
1af0029f,metatron
8494973c,托富链
f393a7aa,听伴;考拉fm
6a9af610,小赢理财
1d9dc686,
8d22db17,尧锦智富
fa25eb81,火萤棋牌
9ae26264,呼
ede552f2,siexchange
74ec0348,easy;easy-forex易信
03eb33de,
9d8fa67d,
ea8896eb,时空周转
7381c751,好玩吧
0486f7c7,优信外汇;优信
9439ea56,硕威投资
e33edac0,春鸿果业
b1cf31a7,创客链
c6c80131,奉恩之家
5fc1508b,趣渔乐
28c6601d,乐分商城;益联益家
b6a2f5be,你我贷;百金贷;乾包网
c1a5c528,轩鸿集团
58ac9492,软银;愿景基金;软银集团
2faba404,财富在线;财富直通车
bf14b995,魔贝钱包;联贝德钱包;联贝德
c8138903,cg.net
a8d400e6,
dfd33070,斯盛能源
46da61ca,聚赢宝
31dd515c,
afb9c4ff,
d8bef469,湖;乾润华创
41b7a5d3,灵猫链
36b09545,乐保险
a60f88d4,小赢卡贷;精英贷
d108b842,壹彤地产;居泽地产
e7959621,gcb光彩币;亚欧币;五行币;万福
9092a6b7,汇管家社区
099bf70d,趣步
7e9cc79b,付融宝;互融宝;惠众金融
e0f85238,小鱼赚钱
97ff62ae,新纪元金融;新纪元财富
0ef63314,广
79f10382,
e94e1e13,浙江氢点信息科技有限公司
9e492e85,
fe8ea760,betdice公平
898997f6,
1080c64c,
6787f6da,上海捷量投资管理有限公司
f9e36379,鲜生友请;鲜生友
8ee453ef,文汇阁
17ed0255,保销人生
60ea32c3,
f0552f52,
87521fc4,芒果元宝
d5a3f4a3,火萤棋牌
a2a4c435,花豆支;亦跑
3bad958f,卓凡资讯
4caaa519,创百金服
d2ce30ba,
a5c9002c,智慧晶
3cc05196,挂挂赚
4bc76100,趣
db787c91,小桃微集
ac7f4c07,ffx外汇
ccb8c5e2,辉立国际
bbbff574,辰颐物语
22b6a4ce,聚电智能科技;聚电智能
55b19458,pofx亚太网
cbd501fb,邦富在线;邦富
bcd2316d,
25db60d7,亿灿平台;广汇
52dc5041,
c2634dd0,
b5647d46,东霖国际
4b20d92d,聚惠优品
3c27e9bb,
a52eb801,小豹科技
d2298897,趣嗨生态
4c4d1d34,壹彤集团
3b4a2da2,斐讯
a2437c18,快鸟;快鸟贷款
d5444c8e,英皇集团
45fb511f,
32fc6189,恩圣威外汇
523be86c,牛散联盟
253cd8fa,
bc358940,人人爱家金融
cb32b9d6,
55562c75,otmtrade;奥美外汇
22511ce3,申万宏源
bb584d59,鑫时光;好会理财
cc5f7dcf,趣渔乐
5ce0605e,中睿担保
2be750c8,
823b3912,企叮咚
f53c0984,番呗商城
6c35583e,
1b3268a8,朵朵街
8556fd0b,torrecepsa;小龟软件;小龟
f251cd9d,
6b589c27,乐享天下
1c5facb1,钱宝科技
8ce0b120,嗨团
fbe781b6,保德薪
9b200853,盈联影视
ec2738c5,泰润生物
752e697f,云尊币;云尊集团;云尊
022959e9,精灵家园
9c4dcc4a,天汇金融
eb4afcdc,鸿运信投
7243ad66,管家帮
05449df0,麦小贱恋窝
95fb8061,世纪金业
e2fcb0f7,弘高融资租赁
b00d5b90,华融金融租赁
c70a6b06,汇兴智业信息
5e033abc,嘉盛集团
29040a2a,华盛资本
b7609f89,疯狂动物城;乐高疯狂动物城
c067af1f,
596efea5,亿企聚财;上海如翌资产管理有限公司
2e69ce33,小豹科技
bed6d3a2,素店
c9d1e334,拓盈贵金属
a9166ad1,金鸟期权
de115a47,
47180bfd,天泽环球
301f3b6b,硕威投资
ae7baec8,远特通信;远特喜牛通信
d97c9e5e,智慧晶
4075cfe4,帮芒拼
3772ff72,豹付;豹付钱包
a7cde2e3,合时代;合时代金融
d0cad275,首汽约车
e657fc16,youbank
9150cc80,快猫猫
08599d3a,nordfx诺德;诺德外汇
7f5eadac,火趣
e13a380f,酷盈网;拉拉财富;好会理财
963d0899,雷达币
0f345923,北京捷越联合
783369b5,诺德基金
e88c7424,
9f8b44b2,米房借条
ff4ccd57,国金中融;隆海生物
884bfdc1,管家帮
1142ac7b,黔中生态茶交易中心有限公司
66459ced,wscunion;wscwscoin
f821094e,
8f2639d8,宜友之家
162f6862,
612858f4,
f1974565,金兔宝;金机宝
869075f3,agk平台
d4619e94,比特币
a366ae02,比特币;比特;gec币
3a6fffb8,奇牛国际
4d68cf2e,火星计划;币虎
d30c5a8d,北京浩然香格实业有限公司;明益集团
a40b6a1b,
3d023ba1,
4a050b37,华泰逸富国际期货
daba16a6,银豆网
adbd2630,零零购
cd7aafd5,某宝
ba7d9f43,财富裂变榜
2374cef9,麦尔国际
5473fe6f,
ca176bcc,世舟之家;世舟
bd105b5a,易宝支付
24190ae0,you
531e3a76,邦君悠购
c3a127e7,米房借条
b4a61771,
4ae2b31a,钦和投资
3de5838c,小豹科技外汇
a4ecd236,请你贷;上海砚下金融
d3ebe2a0,维卡币
4d8f7703,富喜智服
3a884795,unwallet
a381162f,
d48626b9,kb数字资
44393b28,黄金钱包
333e0bbe,国鑫汇国际娱乐会所
53f9825b,比特币;以
24feb2cd,梵
bdf7e377,速想购
caf0d3e1,玖富集团;玖富;玖富普惠;玖富钱包;玖富普
54944642,富二贷
239376d4,st
ba9a276e,金盒子
cd9d17f8,eos柚子生态
5d220a69,d
2a253aff,淘优乐商城;淘优乐
807d874b,无锡日进金
f77ab7dd,
6e73e667,wpay
1974d6f1,创客链
87104352,万多福
f01773c4,winbitex
691e227e,厚福无疆
1e1912e8,
8ea60f79,
f9a13fef,nordfx
9966b60a,利利金服
ee61869c,比特币;雷达币
7768d726,平安集;平安集团
006fe7b0,比特币;dwolla;mt
9e0b7213,蚂蚁搬砖
e90c4285,
7005133f,维堡天善
070223a9,陆金所;融牛在线
97bd3e38,ptfx普顿
e0ba0eae,
b24be5c9,acy稀万
c54cd55f,
5c4584e5,权策财经
2b42b473,
b52621d0,mcc
c2211146,wotoken
5b2840fc,蚂蚁矿机;蚂蚁矿池
2c2f706a,英融国际交易所
bc906dfb,
cb975d6d,罗牛国际;华盛资本融资;融
ab50d488,
dc57e41e,诺贝影视投资;诺贝影视投资有限公司
455eb5a4,mmm互助理财平台
32598532,芒果口袋
ac3d1091,南昌期财
db3a2007,比特币
423371bd,币圈橘子
3534412b,卡盟金服;广州卡盟
a58b5cba,mmm互助社区
d28c6c2c,曲全财富
e411424f,中源盛祥
931672d9,中盈财富管理有限公司
0a1f2363,
7d1813f5,钱程策略;钱程无忧
e37c8656,万顺叫车
947bb6c0,agk理财
0d72e77a,卡盟v金服;卡盟金服
7a75d7ec,天心禅;崛起金融
eacaca7d,
9dcdfaeb,
fd0a730e,avatrade
8a0d4398,滴滴出行
13041222,
640322b4,养鹿啦
fa67b717,火萤棋牌
8d608781,美美理财;美易理财;国美在线
1469d63b,逗趣微视;逗趣视频
636ee6ad,优可生活
f3d1fb3c,
84d6cbaa,诺德基金;诺德
d62720cd,喜牛
a120105b,榴莲微视
382941e1,艾特币atc
4f2e7177,印象口袋
d14ae4d4,加油宝
a64dd442,vantagefx
3f4485f8,小樱桃商城
4843b56e,新橙分期
d8fca8ff,趣步
affb9869,蚂蚁矿池
cf3c118c,比财君
b83b211a,
213270a0,零点矿工
56354036,雷达币
c851d595,甩甩宝宝
bf56e503,
265fb4b9,帮芒拼
5158842f,马克币
c1e799be,bpal钱包
b6e0a928,
48a40d43,泛亚交易
3fa33dd5,趣渔乐;趣步
a6aa6c6f,
d1ad5cf9,
4fc9c95a,信;信而优
38cef9cc,
a1c7a876,
d6c098e0,
467f8571,华登区块狗;华登狗挖
3178b5e7,
51bf3c02,聚英堂
26b80c94,神店
bfb15d2e,
c8b66db8,朵色医美
56d2f81b,诺德基金
21d5c88d,北斗易购;北斗生态圈
b8dc9937,wpay钱包
cfdba9a1,嘉盛集团
5f64b430,渤商所;大智慧信息科技
286384a6,香港远大期货
81bfed7c,诚者聚
f6b8ddea,多啦理财;多啦聚财;嘉银普惠
6fb18c50,中瑞财讯
18b6bcc6,鼎巽科技有限公司;鼎巽科技
86d22965,
f1d519f3,汇联智投
68dc4849,顺心花花
1fdb78df,长安汽车金融
8f64654e,宜信财富
f86355d8,
98a4dc3d,
efa3ecab,宝点网
76aabd11,
01ad8d87,雷达币
9fc91824,伊士顿;饿了吗;大乐网
e8ce28b2,爱宠飞小;爱宠飞小程序;爱宠飞
71c77908,聚电智能科技;聚电智能
06c0499e,cfx圆汇
967f540f,火萤棋牌
e1786499,
b3898ffe,南京胜沃投资管理有限公司;沃时贷
c48ebf68,vkmall
5d87eed2,杜邦财富
2a80de44,小赢科技;惠嘉家装宝;车邦贷
b4e44be7,南阳嘟嘟生活;嘟嘟生活
c3e37b71,中盈财富管理有限公司;中盈财富
5aea2acb,finwise;finwises
2ded1a5d,bet365
bd5207cc,人人贷
ca55375a,
aa92bebf,唐鼎耀华;申万菱信基金
dd958e29,素店
449cdf93,应用试客
339bef05,unwallet
adff7aa6,哈啰出行
daf84a30,前海裕伦商业保理有限公司
43f11b8a,
34f62b1c,
a449368d,诺德基金
d34e061b,众人帮
e5d32878,
92d418ee,husdtoken;火币钱包;火币
0bdd4954,中联亿配
7cda79c2,
e2beec61,f;future
95b9dcf7,腾邦现货;腾邦
0cb08d4d,比特币;公信宝;比特
7bb7bddb,金汇宝
eb08a04a,创客链
9c0f90dc,
fcc81939,雨果网
8bcf29af,博迈在线
12c67815,新博金融
65c14883,vkmall
fba5dd20,拿西克咖啡店
8ca2edb6,绿皮管家;绿;小猫来财
15abbc0c,多米头条
62ac8c9a,中国金融租赁
f213910b,蚂蚁花呗
8514a19d,京东小金库
d7e54afa,bitdata
a0e27a6c,金亚科技;超华科技;大智慧
39eb2bd6,创世银库
4eec1b40,清宴宝
d0888ee3,虹奥财富
a78fbe75,欧特;欧特币
3e86efcf,甩手赚;挂挂赚
4981df59,fnwlw
d93ec2c8,淘优乐
ae39f25e,
cefe7bbb,std标准外汇;standardmarketsgroup
b9f94b2d,杨梅白卡
20f01a97,
57f72a01,银小花
c993bfa2,悦拜
be948f34,
279dde8e,长沙赛鼎生物科技有限公司;湖南振湘网络科技有限公司;天心金融
509aee18,江西文通大宗商品;江西文通大宗商
c025f389,远特喜牛
b722c31f,ctm?pos交易机;ctm?
49666774,以太森林
3e6157e2,度王金服
a7680658,davinciresolve
d06f36ce,
4e0ba36d,
390c93fb,养鸡大亨
a005c241,西安金控
d702f2d7,batt;allcoin交易
47bdef46,69马克币
30badfd0,掌上拍;pac掌上拍
507d5635,聚宝汇
277a66a3,bfs牛汇
be733719,飞贷;飞贷金融
c974078f,汇盈天
5710922c,比特币;以太坊
2017a2ba,plustoken
b91ef300,泓石金服
ce19c396,鼎诚创投
5ea6de07,
29a1ee91,
84f0fbf9,
f3f7cb6f,toptoken
6afe9ad5,淘气购
1df9aa43,
839d3fe0,
f49a0f76,章鱼世界;章鱼娱乐
6d935ecc,网易云信
1a946e5a,比特币;恒富
8a2b73cb,雷达全球
fd2c435d,tg淘金;tg淘金网
9debcab8,
eaecfa2e,杨方配资
73e5ab94,
04e29b02,云闪付
9a860ea1,gtfx
ed813e37,鼎赢牛
74886f8d,柚子
038f5f1b,乐先花
9330428a,
e437721c,工资管家
b6c6997b,artc矿机
c1c1a9ed,
58c8f857,vkmall
2fcfc8c1,创世金库
b1ab5d62,以太坊
c6ac6df4,
5fa53c4e,天心禅;崛起金融
28a20cd8,
b81d1149,维客特
cf1a21df,阜兴系
afdda83a,手机宝;厦门中亿建科技有限公司
d8da98ac,比特币;币圈橘
41d3c916,镑美美瑞;小龟软件;欧美美瑞;小龟
36d4f980,
a8b06c23,
dfb75cb5,帕克金融
46be0d0f,zcash
31b93d99,添益宝
a1062008,鲁多多
d601109e,
e09c3efd,天天赢;迎宝财富;银巴克
979b0e6b,上海睿福投资管理有限公司
0e925fd1,易信easymarkets
79956f47,易启赚
e7f1fae4,趣步
90f6ca72,
09ff9bc8,
7ef8ab5e,沃森生物;圣农发展
ee47b6cf,吉悠
99408659,贝乐尼玩具童车
f9870fbc,鼎兴;鼎兴环球
8e803f2a,比特币
17896e90,ubank钱包
608e5e06,优乐商城
feeacba5,中金摩根
89edfb33,
10e4aa89,民信幸福投资基金管理（
67e39a1f,
f75c878e,蚂蚁巴士
805bb718,
d2aa5c7f,重
a5ad6ce9,海拓环球
3ca43d53,优;优品潮
4ba30dc5,瑞波plus;瑞波;瑞波币;瑞波plus交;瑞波钱
d5c79866,亿米快递
a2c0a8f0,畅由联;鑫网易商;畅由
3bc9f94a,皇马酒庄商城;皇马酒庄
4ccec9dc,易通商城
dc71d44d,mgk;mgk平台
ab76e4db,智能蚂蚁;创百金服
cbb16d3e,牡丹缘农场
bcb65da8,银广夏
25bf0c12,东方通;云南国际信托有限公司
52b83c84,宝星环球投资;宝星环球
ccdca927,轩鸿集团;轩鸿金融控股集团
bbdb99b1,
22d2c80b,领秀国际
55d5f89d,
c56ae50c,
b26dd59a,bfs牛汇
4c2971f1,智选天下
3b2e4167,甘肃文交民萃中心
a22710dd,帕克金融
d520204b,福袋汇业
4b44b5e8,吉泰商城;盈牧资本;聚利宝;霖欣资
3c43857e,麻袋财富
a54ad4c4,恒生电子
d24de452,
42f2f9c3,financemagnates;jojomarkets
35f5c955,
553240b0,小鸟发财
22357026,榴莲微视;榴莲微
bb3c219c,
cc3b110a,金顶环球
525f84a9,ica亚投链
2558b43f,
bc51e585,bfsforex牛汇
cb56d513,比特币;火币网;火币
5be9c882,平安好房
2ceef814,鼎诚创投
853291ce,淘宝返利;淘宝返
f235a158,
6b3cf0e2,朵拉试衣间
1c3bc074,融易投
825f55d7,速通宝;vpay钱包;vpay
f5586541,比特币
6c5134fb,金小鲸
1b56046d,
8be919fc,
fcee296a,
9c29a08f,养鹿啦
eb2e9019,
7227c1a3,贯军e购;哆备宝
0520f135,闪步
9b446496,好玩;好玩吧app;好玩吧
ec435400,山东金融资产交易所
754a05ba,未来集市
024d352c,ga;gate
92f228bd,渝农商金融租赁有限责任公司;渝农商金租
e5f5182b,苏宁金融;苏
b704f34c,博林环球;联亿国际
c003c3da,盐津铺子
590a9260,oranflag
2e0da2f6,金猪管家
b0693755,蓝莓花花
c76e07c3,
5e675679,邦富在线
296066ef,悦平台
b9df7b7e,avatrade
ced84be8,比特狗
ae1fc20d,
d918f29b,jon币;jon农生链
4011a321,金元卡
371693b7,小豹科技
a9720614,安利微购
de753682,
477c6738,印象口袋
307b57ae,泰肯星球
a0c44a3f,万銮国际;海南大宗商品交易中心;贵州国际商品交易中心;逸富国际
d7c37aa9,
e15e54ca,善林金融
9659645c,摩根资产管理
0f5035e6,长江证券股份有限公
78570570,员工宝;聚宝汇;聚宝匯
e63390d3,特惠赚
9134a045,
083df1ff,凤推传媒
7f3ac169,杨方配资
ef85dcf8,红豆卡app
9882ec6e,prospertoken
f845658b,gtc点金
8f42551d,北京红杉壹本投资有限公司
164b04a7,比特币;以太坊
614c3431,双创在线
ff28a192,
882f9104,
1126c0be,zt交易所
6621f028,
f69eedb9,小米有品
8199dd2f,特惠赚
d3683648,艾丽哲
a46f06de,博莹科技;海尔金控
3d665764,开心果
4a6167f2,渤海人寿
d405f251,创世;gojoychain
a302c2c7,
3a0b937d,环球国际;艾德证券
4d0ca3eb,富民宝
ddb3be7a,诺德基金
aab48eec,
ca730709,全民推
bd74379f,火星钱包
247d6625,享车app
537a56b3,汇品万货
cd1ec310,aisa爱莎外汇
ba19f386,芬香;芬香小程序
2310a23c,日发国际
541792aa,亿品赞
c4a88f3b,小龟软件;小龟
b3afbfad,盛宝银;吉利集团
4deb1bc6,艾尔链;la
3aec2b50,
a3e57aea,顺心花花
d4e24a7c,
4a86dfdf,
3d81ef49,
a488bef3,飞贷
d38f8e65,
433093f4,币友会
3437a362,和基
54f02a87,et钱包
23f71a11,蜜芽plus
bafe4bab,bankeraloans;bankera
cdf97b3d,云财经;水母云交易
539dee9e,银亚国际
249ade08,金融互助
bd938fb2,易信easymarkets
ca94bf24,吉鑫贷;吉林省吉晨投资有限公司;吉林省吉东方金融信息咨询服务有限公司
5a2ba2b5,
2d2c9223,火牛视频;火牛;红域短视频
87742f97,人人汇
f0731f01,睿新策略
697a4ebb,雨果网
1e7d7e2d,飞迟财富
8019eb8e,fxcm）
f71edb18,特惠赚
6e178aa2,币赢网
1910ba34,艾拓思外汇
89afa7a5,日日赚
fea89733,派派猪网贷;易票宝
9e6f1ed6,优选理财
e9682e40,
70617ffa,华亿信投
07664f6c,比特币
9902dacf,诚
ee05ea59,拍拍乐
770cbbe3,sky;skycoin
000b8b75,
90b496e4,湖;湖北消费金融
e7b3a672,比特币;okcoin币;ok
b5424d15,
c2457d83,
5b4c2c39,
2c4b1caf,全民红包
b22f890c,
c528b99a,爱善贷
5c21e820,钱盆网
2b26d8b6,
bb99c527,凤推传媒
cc9ef5b1,鑫匯
ac597c54,艾拓思（上海）投资咨询有限公司
db5e4cc2,植华集团
42571d78,gojoy商;gojoy;gojoy商城
35502dee,卡盟v金服;卡盟金服
ab34b84d,百瑞赢
dc3388db,比特币
453ad961,小兔救急
323de9f7,人人影
a282f466,贵州兴达兴建材股份有限公司
d585c4f0,艾特网能;黑牡丹
e318ea93,idax
941fda05,fxvgi外汇
0d168bbf,恩圣威
7a11bb29,
e4752e8a,美物说
93721e1c,章鱼哥
0a7b4fa6,喜牛
7d7c7f30,小牛在线;小赢科技;车邦贷
edc362a1,首汽约车
9ac45237,plustoken
fa03dbd2,海多宝水族馆
8d04eb44,中瑞财讯平台
140dbafe,易到
630a8a68,盈泰联合;盈泰联合投资管理有限公司;深;盈泰联合集团
fd6e1fcb,南京宁聚信息技术有限公司;招财蜂
8a692f5d,
13607ee7,贷你盈
64674e71,东霖国际集团
f4d853e0,云世纪
83df6376,
d12e8811,江;大圆银泰
a629b887,微推推
3f20e93d,沃时贷
4827d9ab,芒果口袋
d6434c08,智慧晶
a1447c9e,淘优乐
384d2d24,b;猫之链
4f4a1db2,plustoken
dff50023,礼赞商城;礼赞网络
a8f230b5,艾克国际
c835b950,
bf3289c6,蜜蜂花园;粉;粉象生活
263bd87c,荣盛商务
513ce8ea,华登区块狗;莱特猫
cf587d49,智慧晶
b85f4ddf,吉悠
21561c65,
56512cf3,锦欣生殖
c6ee3162,理想家园;lx商城
b1e901f4,
4fada59f,铮如铁
38aa9509,汗龙财务智慧
a1a3c4b3,吉吉商城
d6a4f425,盐津铺子
48c06186,恋指团
3fc75110,
a6ce00aa,股指期货
d1c9303c,佰益汇环球
41762dad,d;d球酒水链
36711d3b,袋鼠妈妈
56b694de,mchain;空气币
21b1a448,恒丰银行
b8b8f5f2,喵小二
cfbfc564,兰洋投资
51db50c7,富途;富途牛牛;富途证券
26dc6051,coinnice
bfd531eb,香港世纪金业
c8d2017d,创客链
586d1cec,青团社;地平线
2f6a2c7a,诺德基金管;喆颢资产管;宜信财富
86b645a0,
f1b17536,皇御环球
68b8248c,
1fbf141a,dgl
81db81b9,dragonex
f6dcb12f,大c网
6fd5e095,
18d2d003,诺德基金
886dcd92,vpay钱包
ff6afd04,
9fad74e1,双创在线
e8aa4477,丽达黄金交易中心;丽达珠宝有限公司
71a315cd,新汇友通
06a4255b,香港谷点国际期货
98c0b0f8,鼎诚创投
efc7806e,亨达外汇平台
76ced1d4,youbank
01c9e142,江;大圆银泰
9176fcd3,比特币;富瑞达
e671cc45,恩圣威ncy
b4802722,
c38717b4,富格林
5a8e460e,辰颐物语
2d897698,睿新策略
b3ede33b,柒天密码;奇
c4ead3ad,钱嗨娱乐
5de38217,tigerwi;tigerwit
2ae4b281,清果金融;清果普惠
ba5baf10,蹦蹦网
cd5c9f86,领峰外汇
ad9b1663,创客链
da9c26f5,呱呱金服
4395774f,北
349247d9,小鸟发财
aaf6d27a,聚汇天下
ddf1e2ec,gec环保币
44f8b356,广富宝;宜人贷
33ff83c0,陀螺世界
a3409e51,趣花分期
d447aec7,otm奥美外汇
e2da80a4,睿新策略在线;睿新策略
95ddb032,emaa;emaar;emaargroup;以
0cd4e188,赚赚熊
7bd3d11e,
e5b744bd,时空周转
92b0742b,币圈;mgctoken
0bb92591,吉泰商城;盈牧资本;聚利宝
7cbe1507,youbank
ec010896,卡盟v金服;卡盟金服
9b063800,柚子生态
fbc1b1e5,大圣理财
8cc68173,水瑶黎在线
15cfd0c9,杭州-攀龙资产管理有限公司;雪兔金服
62c8e05f,
fcac75fc,usg联准国际外汇平台
8bab456a,aetos平台
12a214d0,天华金号
65a52446,汇新智
f51a39d7,狐踪谍影;长润影视
821d0941,agk理财
d0ece226,
a7ebd2b0,广州天河;广州天河区大象健康科技有限公司
3ee2830a,期金管家
49e5b39c,江苏百瑞赢
d781263f,北京捷越联合金融;捷越;向前金服
a08616a9,
398f4713,远大期货
4e887785,
de376a14,全民养鱼
a9305a82,度宇宙
c9f7d367,印象口袋
bef0e3f1,
27f9b24b,
50fe82dd,爱钱进
ce9a177e,w
b99d27e8,
20947652,莱信商城
579346c4,a网国际
c72c5b55,
b02b6bc3,狸狸;狸
4e6fcfa8,火币网
3968ff3e,财富裂变榜
a061ae84,源中瑞
d7669e12,
49020bb1,中德海投资
3e053b27,eco生态币
a70c6a9d,淘金网
d00b5a0b,
40b4479a,比特币
37b3770c,globalspot;全球看点
5774fee9,
2073ce7f,谱盛科技
b97a9fc5,kvb昆仑国际
ce7daf53,和基外汇
50193af0,恒丰
271e0a66,
be175bdc,快鸟;快鸟贷款
c9106b4a,新橙分期;新橙优品
59af76db,盈牧资本;聚利宝;比特币;跑路云;霖欣资本
2ea8464d,vkmall;v
8dea029d,云交易;优乐商城
faed320b,东方资本;br;贝尔链
63e463b1,汇新智
14e35327,众生策略
8a87c684,任务超市
fd80f612,小白投网贷
6489a7a8,锐达;orusdav（锐达）;rusdav（锐达）
138e973e,kvb昆仑国际
83318aaf,
f436ba39,币达;币达财富
94f133dc,万能宝
e3f6034a,妮素国际
7aff52f0,
0df86266,卡维达
939cf7c5,领峰贵金属;领峰贵金属有限公司
e49bc753,微多猫
7d9296e9,咸鱼[UNK];咸鱼妹
0a95a67f,和基
9a2abbee,finci芬吉
ed2d8b78,汇新智
bfdc601f,轩鸿金融控股集团
c8db5089,金秋财富
51d20133,
26d531a5,
b8b1a406,滴滴
cfb69490,alb;alb拆分盘
56bfc52a,星星贷
21b8f5bc,中国外汇交易中心;idealfx
b107e82d,unionbit币联
c600d8bb,牛多宝
a6c7515e,
d1c061c8,云尊币
48c93072,gaea
3fce00e4,请你贷;上海砚下金融信息服务有限公司
a1aa9547,全民养鱼
d6ada5d1,
4fa4f46b,德邦股份
38a3c4fd,米奇生活
a81cd96c,
df1be9fa,季翁岭;季翁岭投资有限公司
e986c799,途家自营;途家
9e81f70f,future;futurenet未来网
0788a6b5,拍拍贷
708f9623,福亚全球
eeeb0380,
99ec3316,cmb阿川商事金融互助平台
00e562ac,顺骑共享科技
77e2523a,爱;爱暄堂
e75d4fab,布尔金融
905a7f3d,17b.io
f09df6d8,
879ac64e,利辉乾财富
1e9397f4,河南南阳大宗商品;河南南阳大宗
6994a762,高盛国际
f7f032c1,雷达币
80f70257,小桃微集
19fe53ed,曲全财富
6ef9637b,雪山贷;51人品
fe467eea,
89414e7c,
dbb0a51b,
acb7958d,诺贝影
35bec437,
42b9f4a1,极客修
dcdd6102,
abda5194,富时环球
32d3002e,北京强氧新科
45d430b8,vkmall;v
d56b2d29,
a26c1dbf,宝富国际
c2ab945a,币创交易所;币创
b5aca4cc,mgk币;mgk
2ca5f576,
5ba2c5e0,陀螺世界
c5c65043,
b2c160d5,平安普惠
2bc8316f,东方红资产;东方红
5ccf01f9,全球看点
cc701c68,云数贸联盟
bb772cfe,d牛散
45338895,招银汇金
3234b803,老虎汇
ab3de9b9,大笨象商城
dc3ad92f,波场币
425e4c8c,一号专车
35597c1a,大众分期
ac502da0,有信钱包
db571d36,特惠赚
4be800a7,火萤棋牌
3cef3031,云联惠;爱尚养;爱心汇;大唐天下
5c28b9d4,
2b2f8942,钻石分期
b226d8f8,
c521e86e,fct领先外汇平台
5b457dcd,
2c424d5b,
b54b1ce1,tigerwit
c24c2c77,
52f331e6,期时星
25f40170,agk理财
8c2868aa,cfx圆汇
fb2f583c,河北鲨鱼咬吐司
62260986,zb香港交易所
15213910,
8b45acb3,genesisvision;okex
fc429c25,小赢科技;惠嘉金融;惠嘉家装宝;车邦贷
654bcd9f,爱汇宝
124cfd09,华亚国际
82f3e098,
f5f4d00e,钱程策略;普臣资产
953359eb,平安银行
e234697d,云达互助
7b3d38c7,丽泽金融
0c3a0851,
925e9df2,亦跑;趣步
e559ad64,全球看点
7c50fcde,
0b57cc48,侠侣亲子游
9be8d1d9,盖娅链
ecefe14f,小趣;小趣宝藏
be1e0a28,
c9193abe,公信宝
50106b04,承兴国际
27175b92,雷达币
b973ce31,全民推;全民推返佣
ce74fea7,欣辰网络科技有限公司
577daf1d,诺德外汇
207a9f8b,鸽派商城
b0c5821a,
c7c2b28c,愿景基金
a7053b69,艾特币;莱特
d0020bff,金融互助
490b5a45,
3e0c6ad3,海汇国际;海汇
a068ff70,朵色;朵色彩妆
d76fcfe6,比特狗
4e669e5c,逗趣微视
3961aeca,瑞郎币frcoin
a9deb35b,
ded983cd,
e844adae,
9f439d38,
064acc82,请你贷;上海砚下金融
714dfc14,恒丰
ef2969b7,车邦贷
982e5921,
0127089b,凤推
7620380d,比特挖矿
e69f259c,简啦啦;简啦啦生物科技
9198150a,fxcm
f15f9cef,创富国际;国付宝
8658ac79,行聊
1f51fdc3,腾邦现货;腾邦
6856cd55,
f63258f6,三立集团
81356860,
183c39da,鼎泽配资
6f3b094c,华盛资本
ff8414dd,谱盛科技
8883244b,盾安;盾安集团;盾安债
da72cf2c,淘钱宝
ad75ffba,爱乐在线
347cae00,商
437b9e96,素店;妮素国际;妮素国
dd1f0b35,
aa183ba3,比特币;比
33116a19,收获宝
44165a8f,曙光众城
d4a9471e,汇新智;汇新智科
a3ae7788,莱茨狗
c369fe6d,凯富创通
b46ecefb,瑞景之家
2d679f41,趣;链信;趣步
5a60afd7,财富裂变榜
c4043a74,英皇金融国际
b3030ae2,husdtoken;火币钱包;火币
2a0a5b58,网商万宝
5d0d6bce,华景无限
cdb2765f,国金中融
bab546c9,广东盈腾
44f1e2a2,易信easymarkets平台
33f6d234,美美理财;美易理财;国美在线
aaff838e,芒果金融
ddf8b318,之道出行;人人公益
439c26bb,神店
349b162d,华登区块狗
ad924797,f1国际;ft
da957701,喜牛;远特喜牛
4a2a6a90,信邦策略;中北选买
3d2d5a06,
5dead3e3,easyforex易信
2aede375,恩圣威
b3e4b2cf,财富裂变榜
c4e38259,百事通;百事
5a8717fa,
2d80276c,
b48976d6,
c38e4640,恩圣威平台
53315bd1,finci芬吉;芬吉
24366b47,爱汇宝
3b453440,
